과목,학년,강좌번호,교과목명,교과목번호,학점,시간,담당교수,단계,시간및강의실,비고
[성서와인간이해],,0001, 성서와인간이해,교필127,2,2,김준, , 월11:00-12:50(Y8114), 블렌디드러닝강좌
[성서와인간이해],,0002, 성서와인간이해,교필127,2,2,김준, , 월13:00-14:50(Y8114), 블렌디드러닝강좌
[성서와인간이해],,0003, 성서와인간이해,교필127,2,2,김준, , 월15:00-16:50(Y8114), 블렌디드러닝강좌
[성서와인간이해],,0004, 성서와인간이해,교필127,2,2,황훈식, , 화09:00-10:50(Y22217), 블렌디드러닝강좌
[성서와인간이해],,0005, 성서와인간이해,교필127,2,2,황훈식, , 화15:00-16:50(Y8114), 블렌디드러닝강좌
[성서와인간이해],,0006, 성서와인간이해,교필127,2,2,문성찬, , 수09:00-10:50(Y22217), 블렌디드러닝강좌
[성서와인간이해],,0007, 성서와인간이해,교필127,2,2,박용수, , 수09:00-10:50(Y8114), 외국인학생 전용강좌
[성서와인간이해],,0008, 성서와인간이해,교필127,2,2,황훈식, , 수15:00-16:50(Y8114), 블렌디드러닝강좌
[성서와인간이해],,0009, 성서와인간이해,교필127,2,2,지상태, , 금09:00-10:50(Y8114), 블렌디드러닝강좌
[성서와인간이해],,0010, 성서와인간이해,교필127,2,2,지상태, , 금11:00-12:50(Y8114), 블렌디드러닝강좌
[채  플],,0011, 채플,교필101,0,1,교목실, , 월11:00-11:50(Y22217), N/P
[채  플],,0012, 채플,교필101,0,1,교목실, , 월12:00-12:50(Y22217), N/P
[채  플],,0013, 채플,교필101,0,1,교목실, , 화11:00-11:50(Y22217)," 영어채플, N/P"
[채  플],,0014, 채플,교필101,0,1,교목실, , 화12:00-12:50(Y22217), N/P
[채  플],,0015, 채플,교필101,0,1,교목실, , 수11:00-11:50(Y22217), N/P
[채  플],,0016, 채플,교필101,0,1,교목실, , 수12:00-12:50(Y22217), N/P
[영  어],,0055, 영어1,교필106,2,2,엄혜영, ," 월11:00-11:50(Y9528), 수11:00-11:50(Y9528)", 
[영  어],,0056, 영어1,교필106,2,2,엄혜영, ," 월13:00-13:50(Y9528), 수13:00-13:50(Y9528)", 
[영  어],,0057, 영어1,교필106,2,2,엄혜영, ," 월14:00-14:50(Y9528), 수14:00-14:50(Y9528)", 
[영  어],,0058, 영어1,교필106,2,2,엄용희, ," 화10:00-10:50(Y9522), 목10:00-10:50(Y9522)", 
[영  어],,0059, 영어1,교필106,2,2,엄용희, ," 화11:00-11:50(Y9522), 목11:00-11:50(Y9522)", 
[영  어],,0060, 영어1,교필106,2,2,엄용희, ," 화14:00-14:50(Y9522), 목14:00-14:50(Y9522)", 
[영  어],,0061, 영어1,교필106,2,2,엄용희, ," 화15:00-15:50(Y9522), 목15:00-15:50(Y9522)", 
[영  어],,0062, 영어1,교필106,2,2,김희진, ," 화11:00-11:50(Y9530), 목11:00-11:50(Y9530)", 
[영  어],,0063, 영어1,교필106,2,2,김희진, ," 화12:00-12:50(Y9530), 목12:00-12:50(Y9530)", 
[영  어],,0064, 영어1,교필106,2,2,김희진, ," 화14:00-14:50(Y9530), 목14:00-14:50(Y9530)", 
[영  어],,0065, 영어1,교필106,2,2,김희진, ," 화15:00-15:50(Y9530), 목15:00-15:50(Y9530)", 
[영  어],,0066, 영어1,교필106,2,2,서정아, ," 월10:00-10:50(Y8107), 수10:00-10:50(Y8107)", 
[영  어],,0067, 영어1,교필106,2,2,서정아, ," 월11:00-11:50(Y8107), 수11:00-11:50(Y8107)", 
[영  어],,0068, 영어1,교필106,2,2,서정아, ," 월13:00-13:50(Y8107), 수13:00-13:50(Y8107)", 
[영  어],,0069, 영어1,교필106,2,2,서정아, ," 월14:00-14:50(Y8107), 수14:00-14:50(Y8107)", 
[영  어],,0070, 영어1,교필106,2,2,이보경, ," 화11:00-11:50(Y8110), 목11:00-11:50(Y8110)", 
[영  어],,0071, 영어1,교필106,2,2,이보경, ," 화12:00-12:50(Y8110), 목12:00-12:50(Y8110)", 
[영  어],,0072, 영어1,교필106,2,2,이보경, ," 화14:00-14:50(Y8110), 목14:00-14:50(Y8110)", 
[영  어],,0073, 영어1,교필106,2,2,이보경, ," 화15:00-15:50(Y8110), 목15:00-15:50(Y8110)", 
[영  어],,0074, 영어1,교필106,2,2,김은영, ," 수10:00-10:50(Y9501), 금10:00-10:50(Y9501)", 
[영  어],,0075, 영어1,교필106,2,2,김은영, ," 수11:00-11:50(Y9501), 금11:00-11:50(Y9501)", 
[영  어],,0076, 영어1,교필106,2,2,김은영, , 화18:40-20:15(Y9501), 스포츠지도학 전용강좌
[영  어],,1265, 영어1,교필106,2,2,김은영, ," 수12:00-12:50(Y9501), 금12:00-12:50(Y9501)", 
[영  어],,0077, 영어2,교필107,2,2,김희진, ," 월11:00-11:50(Y9530), 수11:00-11:50(Y9530)", 
[영  어],,0078, 영어2,교필107,2,2,김희진, ," 월12:00-12:50(Y9530), 수12:00-12:50(Y9530)", 
[영  어],,0079, 영어2,교필107,2,2,김희진, ," 월14:00-14:50(Y9530), 수14:00-14:50(Y9530)", 
[영  어],,0138, 영어3,교필123,2,2,엄용희, ," 월10:00-10:50(Y9522), 수10:00-10:50(Y9522)", 
[영  어],,0139, 영어3,교필123,2,2,엄용희, ," 월11:00-11:50(Y9522), 수11:00-11:50(Y9522)", 
[영  어],,0140, 영어3,교필123,2,2,엄용희, ," 월14:00-14:50(Y9522), 수14:00-14:50(Y9522)", 
[영  어],,0141, 영어3,교필123,2,2,엄용희, ," 월15:00-15:50(Y9522), 수15:00-15:50(Y9522)", 
[영  어],,0142, 영어3,교필123,2,2,엄혜영, ," 화11:00-11:50(Y9528), 목11:00-11:50(Y9528)", 
[영  어],,0143, 영어3,교필123,2,2,엄혜영, ," 화12:00-12:50(Y9528), 목12:00-12:50(Y9528)", 
[영  어],,0144, 영어3,교필123,2,2,엄혜영, ," 화14:00-14:50(Y9528), 목14:00-14:50(Y9528)", 
[영  어],,0145, 영어3,교필123,2,2,엄혜영, ," 화15:00-15:50(Y9528), 목15:00-15:50(Y9528)", 
[영  어],,0146, 영어3,교필123,2,2,이보경, ," 월11:00-11:50(Y8110), 수11:00-11:50(Y8110)", 
[영  어],,0147, 영어3,교필123,2,2,이보경, ," 월12:00-12:50(Y8110), 수12:00-12:50(Y8110)", 
[영  어],,0148, 영어3,교필123,2,2,이보경, ," 월14:00-14:50(Y8110), 수14:00-14:50(Y8110)", 
[영  어],,0149, 영어3,교필123,2,2,이보경, ," 월15:00-15:50(Y8110), 수15:00-15:50(Y8110)", 
[영어회화],,0080, 영어회화1,교필108,1,2,데본, ," 월10:00-10:50(Y9230), 수10:00-10:50(Y9230)", 
[영어회화],,0081, 영어회화1,교필108,1,2,데본, ," 월11:00-11:50(Y9230), 수11:00-11:50(Y9230)", 
[영어회화],,0082, 영어회화1,교필108,1,2,데본, ," 월14:00-14:50(Y9230), 수14:00-14:50(Y9230)", 
[영어회화],,0083, 영어회화1,교필108,1,2,데본, ," 월15:00-15:50(Y9230), 수15:00-15:50(Y9230)", 
[영어회화],,0084, 영어회화1,교필108,1,2,황혜리, ," 수09:00-09:50(Y9232), 금09:00-09:50(Y9232)", 
[영어회화],,0085, 영어회화1,교필108,1,2,황혜리, ," 수10:00-10:50(Y9232), 금10:00-10:50(Y9232)", 
[영어회화],,0086, 영어회화1,교필108,1,2,황혜리, ," 수13:00-13:50(Y9203), 금13:00-13:50(Y9203)", 
[영어회화],,0087, 영어회화1,교필108,1,2,황혜리, ," 수14:00-14:50(Y9232), 금14:00-14:50(Y9232)", 
[영어회화],,0088, 영어회화1,교필108,1,2,아벤샤인, ," 수09:00-09:50(Y9236), 금09:00-09:50(Y9236)", 
[영어회화],,0089, 영어회화1,교필108,1,2,아벤샤인, ," 수10:00-10:50(Y9236), 금10:00-10:50(Y9236)", 
[영어회화],,0090, 영어회화1,교필108,1,2,아벤샤인, ," 수13:00-13:50(Y9236), 금13:00-13:50(Y9236)", 
[영어회화],,0091, 영어회화1,교필108,1,2,아벤샤인, ," 수14:00-14:50(Y9236), 금14:00-14:50(Y9236)", 
[영어회화],,0092, 영어회화1,교필108,1,2,미배정, ," 화11:00-11:50(Y9201), 목11:00-11:50(Y9201)", 신규임용예정
[영어회화],,0093, 영어회화1,교필108,1,2,미배정, ," 화12:00-12:50(Y9201), 목12:00-12:50(Y9201)", 신규임용예정
[영어회화],,0094, 영어회화1,교필108,1,2,미배정, ," 화15:00-15:50(Y9201), 목15:00-15:50(Y9201)", 신규임용예정
[영어회화],,0095, 영어회화1,교필108,1,2,미배정, ," 화16:00-16:50(Y9201), 목16:00-16:50(Y9201)", 신규임용예정
[영어회화],,0096, 영어회화1,교필108,1,2,브랜트덕스, ," 월10:00-10:50(Y9238), 수10:00-10:50(Y9238)", 
[영어회화],,0097, 영어회화1,교필108,1,2,브랜트덕스, ," 월11:00-11:50(Y9238), 수11:00-11:50(Y9238)", 
[영어회화],,0098, 영어회화1,교필108,1,2,브랜트덕스, ," 월13:00-13:50(Y9238), 수13:00-13:50(Y9238)", 
[영어회화],,0099, 영어회화1,교필108,1,2,브랜트덕스, ," 월14:00-14:50(Y9238), 수14:00-14:50(Y9238)", 
[영어회화],,0100, 영어회화1,교필108,1,2,브랜트덕스, , 월18:40-20:15(Y9238), 스포츠지도학 전용강좌
[영어회화],,0101, 영어회화2,교필109,1,2,에릭스톨즈, ," 월10:00-10:50(Y9203), 수10:00-10:50(Y9203)", 
[영어회화],,0102, 영어회화2,교필109,1,2,에릭스톨즈, ," 월11:00-11:50(Y9203), 수11:00-11:50(Y9203)", 
[영어회화],,0103, 영어회화2,교필109,1,2,에릭스톨즈, ," 월12:00-12:50(Y9203), 수12:00-12:50(Y9203)", 
[영어회화],,0104, 영어회화2,교필109,1,2,에릭스톨즈, ," 월14:00-14:50(Y9203), 수14:00-14:50(Y9203)", 
[영어회화],,0105, 영어회화2,교필109,1,2,에릭스톨즈, ," 월15:00-15:50(Y9203), 수15:00-15:50(Y9203)", 
[영어회화],,0106, 영어회화2,교필109,1,2,에릭스톨즈, ," 월16:00-16:50(Y9203), 수16:00-16:50(Y9203)", 
[영어회화],,0107, 영어회화2,교필109,1,2,에릭스톨즈, ," 화10:00-10:50(Y9203), 목10:00-10:50(Y9203)", 
[영어회화],,0108, 영어회화2,교필109,1,2,에릭스톨즈, ," 화11:00-11:50(Y9203), 목11:00-11:50(Y9203)", 
[영어회화],,0109, 영어회화2,교필109,1,2,에릭스톨즈, ," 화12:00-12:50(Y9203), 목12:00-12:50(Y9203)", 
[영어회화],,0150, 영어회화3,교필125,1,2,리우빅터, ," 화11:00-11:50(Y9236), 목11:00-11:50(Y9236)", 
[영어회화],,0151, 영어회화3,교필125,1,2,리우빅터, ," 화12:00-12:50(Y9236), 목12:00-12:50(Y9236)", 
[영어회화],,0152, 영어회화3,교필125,1,2,리우빅터, ," 화15:00-15:50(Y9236), 목15:00-15:50(Y9236)", 
[영어회화],,0153, 영어회화3,교필125,1,2,리우빅터, ," 화16:00-16:50(Y9236), 목16:00-16:50(Y9236)", 
[영어회화],,0154, 영어회화3,교필125,1,2,크리스토퍼리더, ," 월09:00-09:50(Y9201), 수09:00-09:50(Y9201)", 
[영어회화],,0155, 영어회화3,교필125,1,2,크리스토퍼리더, ," 월10:00-10:50(Y9201), 수10:00-10:50(Y9201)", 
[영어회화],,0156, 영어회화3,교필125,1,2,크리스토퍼리더, ," 월13:00-13:50(Y9201), 수13:00-13:50(Y9201)", 
[영어회화],,0157, 영어회화3,교필125,1,2,크리스토퍼리더, ," 월14:00-14:50(Y9201), 수14:00-14:50(Y9201)", 
[기타교양필수],,0017, 현대사회와기독교윤리,교필102,2,2,김진옥, , 월09:00-10:50(Y8114), 
[기타교양필수],,0018, 현대사회와기독교윤리,교필102,2,2,고형상, , 월13:00-14:50(Y2532), 
[기타교양필수],,0019, 현대사회와기독교윤리,교필102,2,2,고형상, , 월15:00-16:50(Y2532), 
[기타교양필수],,0020, 현대사회와기독교윤리,교필102,2,2,고형상, , 화12:00-13:50(Y8114), 
[기타교양필수],,0021, 현대사회와기독교윤리,교필102,2,2,고형상, , 화15:00-16:50(Y2529), 
[기타교양필수],,0022, 현대사회와기독교윤리,교필102,2,2,김진옥, , 수09:00-10:50(Y2532), 
[기타교양필수],,0023, 현대사회와기독교윤리,교필102,2,2,김진옥, , 목10:00-11:50(Y8114), 
[기타교양필수],,0024, 현대사회와기독교윤리,교필102,2,2,김진옥, , 목15:00-16:50(Y8114), 
[기타교양필수],,0025, 종교와과학,교필103,2,2,정용균, , 수15:00-16:50(Y2532), 
[기타교양필수],,0026, 종교와과학,교필103,2,2,정용균, , 목13:00-14:50(Y2523), 
[기타교양필수],,0027, 종교와과학,교필103,2,2,정용균, , 목15:00-16:50(Y2523), 
[기타교양필수],,0028, 글쓰기,교필104,3,3,김현양, ," 월13:00-14:50(Y117), 수14:00-14:50(Y117)", 
[기타교양필수],,0029, 글쓰기,교필104,3,3,김현양, ," 월15:00-16:50(Y117), 수15:00-15:50(Y117)", 
[기타교양필수],,0030, 글쓰기,교필104,3,3,김현양, ," 화10:00-11:50(Y117), 목10:00-10:50(Y117)", 
[기타교양필수],,0031, 글쓰기,교필104,3,3,김현양, ," 화13:00-14:50(Y117), 목14:00-14:50(Y117)", 
[기타교양필수],,0032, 글쓰기,교필104,3,3,김현양, ," 화15:00-16:50(Y117), 목15:00-15:50(Y117)", 
[기타교양필수],,0033, 글쓰기,교필104,3,3,남수경, ," 월11:00-12:50(Y9232), 수11:00-11:50(Y9232)", 
[기타교양필수],,0034, 글쓰기,교필104,3,3,남수경, ," 화10:00-11:50(Y9232), 목11:00-11:50(Y9232)", 
[기타교양필수],,0035, 글쓰기,교필104,3,3,남수경, ," 화12:00-13:50(Y9232), 목12:00-12:50(Y9232)", 
[기타교양필수],,0036, 글쓰기,교필104,3,3,남수경, ," 화15:00-16:50(Y9232), 목15:00-15:50(Y9232)", 
[기타교양필수],,0037, 글쓰기,교필104,3,3,김인옥, ," 월09:00-10:50(Y9027), 수10:00-10:50(Y9027)", 
[기타교양필수],,0038, 글쓰기,교필104,3,3,김인옥, ," 월11:00-12:50(Y9027), 수11:00-11:50(Y9027)", 
[기타교양필수],,0039, 글쓰기,교필104,3,3,김인옥, ," 월13:00-14:50(Y9027), 수13:00-13:50(Y9027)", 
[기타교양필수],,0040, 글쓰기,교필104,3,3,오은엽, ," 월13:00-14:50(Y9029), 수14:00-14:50(Y9029)", 
[기타교양필수],,0041, 글쓰기,교필104,3,3,오은엽, ," 월15:00-16:50(Y9029), 수15:00-15:50(Y9029)", 
[기타교양필수],,0042, 글쓰기,교필104,3,3,오은엽, ," 화12:00-13:50(Y9029), 목12:00-12:50(Y9029)", 
[기타교양필수],,0043, 글쓰기,교필104,3,3,이가원, , 목13:00-15:50(Y8014), 외국인학생 전용강좌
[기타교양필수],,0044, 발표와토의,교필105,3,3,김복순, ," 월11:00-11:50(Y9524), 수11:00-12:50(Y9524)", 
[기타교양필수],,0045, 발표와토의,교필105,3,3,김복순, ," 월13:00-14:50(Y9524), 수14:00-14:50(Y9524)", 
[기타교양필수],,0046, 발표와토의,교필105,3,3,김복순, ," 월15:00-16:50(Y9524), 수15:00-15:50(Y9524)", 
[기타교양필수],,0047, 발표와토의,교필105,3,3,김복순, ," 화11:00-12:50(Y9524), 목11:00-11:50(Y9524)", 
[기타교양필수],,0048, 발표와토의,교필105,3,3,김복순, ," 화14:00-14:50(Y9524), 목13:00-14:50(Y9524)", 
[기타교양필수],,0049, 발표와토의,교필105,3,3,김복순, ," 화15:00-16:50(Y9524), 수16:00-16:50(Y9524)", 
[기타교양필수],,0050, 발표와토의,교필105,3,3,남수경, ," 월13:00-14:50(Y9232), 수13:00-13:50(Y9232)", 
[기타교양필수],,0051, 발표와토의,교필105,3,3,김인옥, ," 화12:00-13:50(Y9027), 목13:00-13:50(Y9027)", 
[기타교양필수],,0052, 발표와토의,교필105,3,3,김인옥, ," 화14:00-15:50(Y9027), 목14:00-14:50(Y9027)", 
[기타교양필수],,0053, 발표와토의,교필105,3,3,오은엽, ," 월10:00-11:50(Y9029), 수11:00-11:50(Y9029)", 
[기타교양필수],,0054, 발표와토의,교필105,3,3,오은엽, ," 화11:00-11:50(Y9027), 목10:00-11:50(Y9027)", 
[기타교양필수],,0131, 기독교와문화,교필122,2,2,김상덕, , 월09:00-10:50(Y2532), 
[기타교양필수],,0132, 기독교와문화,교필122,2,2,김상덕, , 월11:00-12:50(Y2532), 
[기타교양필수],,0133, 기독교와문화,교필122,2,2,김신자, , 월13:00-14:50(Y8014), 
[기타교양필수],,0134, 기독교와문화,교필122,2,2,김신자, , 월15:00-16:50(Y8014), 
[기타교양필수],,0135, 기독교와문화,교필122,2,2,황훈식, , 목10:00-11:50(Y2532), 
[기타교양필수],,0136, 기독교와문화,교필122,2,2,박진숙, , 목15:00-16:50(Y2532), 
[기타교양필수],,0137, 기독교와문화,교필122,2,2,하쥬리, , 금11:00-12:50(Y2532), 
[기타교양필수],,0185, 4차산업혁명과미래사회진로선택,교필141,2,2,이한림, , 화12:00-13:50(Y9014)," 화학과전용(타학과 수강불가), N/P"
[기타교양필수],,0186, 4차산업혁명과미래사회진로선택,교필141,2,2,이성훈, , 수14:00-15:50(Y12243)," 산업디자인전공전용(타학과 수강불가), N/P"
[기타교양필수],,0187, 4차산업혁명과미래사회진로선택,교필141,2,2,오동우, , 월10:00-11:50(Y12228)," 시각디자인전공전용(타학과 수강불가), N/P"
[기타교양필수],,0188, 4차산업혁명과미래사회진로선택,교필141,2,2,미배정, , 목10:00-11:50(Y9014)," 영상디자인전공전용(타학과 수강불가), N/P"
[기타교양필수],,0189, 4차산업혁명과미래사회진로선택,교필141,2,2,홍은경, , 화13:00-14:50(Y2339)," 피아노전공전용(타학과 수강불가),  N/P"
[기타교양필수],,0190, 4차산업혁명과미래사회진로선택,교필141,2,2,양지영, , 수10:00-11:50(Y2339)," 성악전공전용(타학과 수강불가), N/P"
[기타교양필수],,0191, 4차산업혁명과미래사회진로선택,교필141,2,2,이복남, , 화11:00-12:50(Y2337)," 작곡전공전용(타학과 수강불가), N/P"
[기타교양필수],,0192, 4차산업혁명과미래사회진로선택,교필141,2,2,정지연, , 수10:00-11:50(Y2523)," 영화전공전용(타학과 수강불가), N/P"
[기타교양필수],,0193, 4차산업혁명과미래사회진로선택,교필141,2,2,이태원, , 수11:00-12:50(Y2119)," 뮤지컬공연전용(타학과 수강불가), N/P"
[기타교양필수],,0194, 4차산업혁명과미래사회진로선택,교필141,2,2,이창로, , 금10:00-11:50(Y8317)," 생명과학정보학과전용(타학과 수강불가), N/P"
[기타교양필수],,0195, 4차산업혁명과미래사회진로선택,교필141,2,2,이응신, , 목09:00-10:50(Y2523)," 건축학부전용(타학과 수강불가), N/P"
[기타교양필수],,0196, 4차산업혁명과미래사회진로선택,교필141,2,2,이응신, , 목11:00-12:50(Y2523)," 건축학부전용(타학과 수강불가), N/P"
[기타교양필수],,0197, 4차산업혁명과미래사회진로선택,교필141,2,2,김영기, , 월15:00-16:50(Y23526)," 수학과전용(타학과 수강불가), N/P"
[기타교양필수],,0198, 4차산업혁명과미래사회진로선택,교필141,2,2,최신식, , 월12:00-13:50(Y9010)," 식품영양학과전용(타학과 수강불가), N/P"
[기타교양필수],,0199, 4차산업혁명과미래사회진로선택,교필141,2,2,김재완, , 수11:00-12:50(Y23511)," 물리학과전용(타학과 수강불가), N/P"
[기타교양필수],,0200, 4차산업혁명과미래사회진로선택,교필141,2,2,장성익, , 목14:00-15:50(Y2529)," 전기공학과 전용(타학과 수강불가), N/P"
[기타교양필수],,0201, 4차산업혁명과미래사회진로선택,교필141,2,2,미배정, , 수14:00-15:50(Y9010)," 전기공학과전용(타학과 수강불가), N/P"
[기타교양필수],,0202, 4차산업혁명과미래사회진로선택,교필141,2,2,최우영, , 월16:00-17:50(Y19109)," 전자공학과전용(타학과 수강불가), N/P"
[기타교양필수],,0203, 4차산업혁명과미래사회진로선택,교필141,2,2,최우영, , 수16:00-17:50(Y19109)," 전자공학과전용(타학과 수강불가), N/P"
[기타교양필수],,0204, 4차산업혁명과미래사회진로선택,교필141,2,2,조성용, , 화13:00-14:50(Y23721)," 신소재공학과전용(타학과 수강불가), N/P"
[기타교양필수],,0205, 4차산업혁명과미래사회진로선택,교필141,2,2,송효종, , 수13:00-14:50(Y8345)," 환경에너지공학과전용(타학과 수강불가), N/P"
[기타교양필수],,0206, 4차산업혁명과미래사회진로선택,교필141,2,2,김진수, , 수10:00-11:50(Y9508)," 컴퓨터공학과전용(타학과 수강불가), N/P"
[기타교양필수],,0207, 4차산업혁명과미래사회진로선택,교필141,2,2,김진수, , 수13:00-14:50(Y9508)," 컴퓨터공학과전용(타학과 수강불가), N/P"
[기타교양필수],,0208, 4차산업혁명과미래사회진로선택,교필141,2,2,장재덕, , 수16:00-17:50(Y123)," 기계공학과전용(타학과 수강불가), N/P"
[기타교양필수],,0209, 4차산업혁명과미래사회진로선택,교필141,2,2,김정수, , 화15:00-16:50(Y439)," 산업경영공학과전용(타학과 수강불가), N/P"
[기타교양필수],,0210, 4차산업혁명과미래사회진로선택,교필141,2,2,박호철, , 화16:00-17:50(Y5301)," 교통공학과전용(타학과 수강불가), N/P"
[기타교양필수],,1284, 4차산업혁명과미래사회진로선택,교필141,2,2,김인택, , 수10:00-11:50(Y5609)," 정보통신공학과전용(타학과 수강불가), N/P"
[기타교양필수],,0213, 한국어연습2,교필143,1,2,황혜란, , 금11:00-12:50(Y8110), TOPIK 4급미만 외국인학생 전용강좌
[기타교양필수],,0214, 한국어연습4,교필145,1,2,황혜란, , 금13:00-14:50(Y8110), TOPIK 4급이상 외국인학생 전용강좌
[기타교양필수],,0215, 한국어2,교필147,2,2,황혜란, , 금09:00-10:50(Y8110), TOPIK 4급미만 외국인학생 전용강좌
[기타교양필수],,0216, 한국어4,교필149,2,2,임우열, , 화10:00-11:50(Y8114), TOPIK 4급이상 외국인학생 전용강좌
[핵심교양과목],,0110, 철학과인간,교선110,3,3,손성우, ," 화09:00-10:50(Y2535), 목09:00-09:50(Y2535)", 
[핵심교양과목],,0111, 철학과인간,교선110,3,3,손성우, ," 화11:00-11:50(Y2535), 목10:00-11:50(Y2535)", 
[핵심교양과목],,0112, 철학과인간,교선110,3,3,손성우, ," 화14:00-14:50(Y2535), 목13:00-14:50(Y2535)", 
[핵심교양과목],,0113, 철학과인간,교선110,3,3,손성우, ," 화15:00-16:50(Y2535), 목15:00-15:50(Y2535)", 
[핵심교양과목],,0114, 철학과인간,교선110,3,3,손성우, ," 월13:00-14:50(Y2535), 수13:00-13:50(Y2535)", 
[핵심교양과목],,0115, 철학과인간,교선110,3,3,손성우, ," 월15:00-16:50(Y2535), 수15:00-15:50(Y2535)", 
[핵심교양과목],,0116, 한국근현대사의이해,교선111,3,3,유정희, ," 월10:00-11:50(Y2508), 수11:00-11:50(Y2508)", 
[핵심교양과목],,0117, 한국근현대사의이해,교선111,3,3,유정희, ," 월13:00-14:50(Y2508), 수14:00-14:50(Y2508)", 
[핵심교양과목],,0118, 역사와문명,교선112,3,3,유정희, ," 화11:00-11:50(Y2508), 목10:00-11:50(Y2508)", 
[핵심교양과목],,0119, 역사와문명,교선112,3,3,유정희, ," 화14:00-14:50(Y2508), 목13:00-14:50(Y2508)", 
[핵심교양과목],,0120, 세계화와사회변화,교선113,3,3,나영주, , 화09:00-11:50(Y2532), 
[핵심교양과목],,0121, 세계화와사회변화,교선113,3,3,나영주, , 화14:00-16:50(Y2532), 
[핵심교양과목],,0122, 세계화와사회변화,교선113,3,3,이옥근, , 목09:00-11:50(Y101), 
[핵심교양과목],,0123, 세계화와사회변화,교선113,3,3,이옥근, , 목13:00-15:50(Y101), 
[핵심교양과목],,0124, 세계화와사회변화,교선113,3,3,김규태, , 금11:00-13:50(Y2529), 
[핵심교양과목],,0125, 세계화와사회변화,교선113,3,3,김규태, , 금14:00-16:50(Y2529), 
[핵심교양과목],,0126, 민주주의와현대사회,교선114,3,3,김희진, ," 월10:00-11:50(Y2511), 수11:00-11:50(Y2511)", 
[핵심교양과목],,0127, 민주주의와현대사회,교선114,3,3,김희진, ," 월13:00-14:50(Y2511), 수13:00-13:50(Y2511)", 
[핵심교양과목],,1285, 민주주의와현대사회,교선114,3,3,김희진, ," 화16:00-16:50(Y2511), 목15:00-16:50(Y2511)", 
[핵심교양과목],,0128, 환경과인간,교선120,3,3,전진권, ," 화13:00-14:50(Y2526), 목13:00-13:50(Y2526)", 
[핵심교양과목],,0129, 환경과인간,교선120,3,3,조성경, ," 월09:00-10:50(Y2526), 수09:00-09:50(Y2526)", 
[핵심교양과목],,0130, 환경과인간,교선120,3,3,조성경, ," 월11:00-12:50(Y2526), 수11:00-11:50(Y2526)", 
[핵심교양과목],,0158, 창업입문,교선127,3,3,최원협, , 목09:00-11:50(Y9114), 
[핵심교양과목],,0159, 창업입문,교선127,3,3,최원협, , 목12:00-14:50(Y9114), 
[핵심교양과목],,0160, 창업입문,교선127,3,3,박정호, , 월14:00-16:50(Y9114), 
[핵심교양과목],,0161, 창업입문,교선127,3,3,백병성, , 화09:00-11:50(Y9114), 
[핵심교양과목],,0162, 창업입문,교선127,3,3,백병성, , 화12:00-14:50(Y9114), 
[핵심교양과목],,0163, 글로벌문화,교선128,3,3,조수미, ," 월10:00-11:50(Y2529), 수10:00-10:50(Y2529)", 
[핵심교양과목],,0164, 글로벌문화,교선128,3,3,조수미, ," 월13:00-14:50(Y2529), 수13:00-13:50(Y2529)", 
[핵심교양과목],,0165, 글로벌문화,교선128,3,3,조수미, ," 월15:00-15:50(Y2529), 수14:00-15:50(Y2529)", 
[핵심교양과목],,0166, 글로벌문화,교선128,3,3,조수미, ," 화10:00-11:50(Y2529), 목10:00-10:50(Y2529)", 
[핵심교양과목],,0167, 글로벌문화,교선128,3,3,조수미, ," 화13:00-13:50(Y2529), 목12:00-13:50(Y2529)", 
[핵심교양과목],,0168, 고전으로읽는인문학,교선130,3,3,김인옥, ," 화10:00-10:50(Y9029), 목10:00-11:50(Y9029)", 
[핵심교양과목],,0169, 고전으로읽는인문학,교선130,3,3,오은엽, ," 화15:00-16:50(Y9029), 목15:00-15:50(Y9029)", 
[핵심교양과목],,0170, 고전으로읽는인문학,교선130,3,3,오은엽, , 금10:00-12:50(Y2511), 
[핵심교양과목],,0171, 여성·소수자·공동체,교선131,3,3,김희진, ," 월15:00-15:50(Y2511), 수14:00-15:50(Y2511)", 
[핵심교양과목],,0172, 여성·소수자·공동체,교선131,3,3,김희진, ," 화14:00-15:50(Y2511), 목14:00-14:50(Y2511)", 
[핵심교양과목],,0173, 예술과창조성,교선132,3,3,송경옥, , 월09:00-11:50(Y9010), 
[핵심교양과목],,0174, 예술과창조성,교선132,3,3,안정아, ," 월10:00-11:50(Y9106), 수11:00-11:50(Y9106)", 
[핵심교양과목],,0175, 예술과창조성,교선132,3,3,안정아, ," 월13:00-14:50(Y9106), 수13:00-13:50(Y9106)", 
[핵심교양과목],,0176, 예술과창조성,교선132,3,3,안정아, ," 화13:00-14:50(Y9106), 수14:00-14:50(Y9106)", 
[핵심교양과목],,0177," 우주,생명,마음",교선135,3,3,전진권, ," 화11:00-12:50(Y2526), 목11:00-11:50(Y2526)", 
[핵심교양과목],,0178, SW프로그래밍입문,교선136,3,3,유충열, , 화14:00-16:50(Y9135), 
[핵심교양과목],,0179, SW프로그래밍입문,교선136,3,3,유충열, , 목14:00-16:50(Y9135), 
[핵심교양과목],,0180, SW프로그래밍입문,교선136,3,3,유충열, , 금10:00-12:50(Y9135), 
[핵심교양과목],,0181, 인공지능의세계,교선138,3,3,김제민, , 수14:00-16:50(Y9119), 
[핵심교양과목],,0182, 인공지능의세계,교선138,3,3,김제민, , 목14:00-16:50(Y9119), 
[핵심교양과목],,0183, 4차산업혁명의이해,교선139,3,3,조성경, ," 월13:00-14:50(Y2526), 수13:00-13:50(Y2526)", 
[핵심교양과목],,0184, 4차산업혁명을위한비판적사고,교선140,3,3,손성우, ," 월11:00-12:50(Y2535), 수11:00-11:50(Y2535)", 
[핵심교양과목],,0211, 현대사회와심리학,교선142,3,3,김희진, ," 화10:00-11:50(Y2511), 목10:00-10:50(Y2511)", 
[핵심교양과목],,0212, 현대사회와심리학,교선142,3,3,김희진, ," 화12:00-12:50(Y2511), 목11:00-12:50(Y2511)", 
[핵심교양과목],,0217, 외국인학생을위한한국현대사,교선150,3,3,유정희, , 화15:00-17:50(Y2508), 외국인학생 전용강좌
[핵심교양과목],,0218, 외국인학생을위한한국문화,교선152,3,3,박용수, , 수13:00-15:50(Y8014), 외국인학생 전용강좌
[기독교의이해와삶],,0427, 기독교와합창,균기104,2,2,하쥬리, , 금09:00-10:50(Y22217), 
[기독교의이해와삶],,0428, 기독교와성결혼가정,균기107,2,2,박진숙, , 목13:00-14:50(Y2532), 
[인문과학],,0219, 인간심리의이해,기인107,3,3,김세영, , 금10:00-12:50(Y2523), 
[인문과학],,0220, 서양철학입문,기인108,3,3,이정일, , 목10:00-12:50(Y9010), 
[인문과학],,0221, 동양철학입문,기인109,3,3,손미정, , 수14:00-16:50(Y2526), 
[인문과학],,0222, 일본의언어와문화,기인124,3,3,미배정, , 수12:00-14:50(Y2523), 신규임용예정
[인문과학],,0429, 윤리학에로초대,균인103,2,2,이정일, , 화12:00-13:50(Y5125), 
[인문과학],,0430, 영화로보는역사,균인106,3,3,연동원, , 목10:00-12:50(Y9517), 
[인문과학],,0431, 영화로보는역사,균인106,3,3,연동원, , 목13:00-15:50(Y9517), 
[인문과학],,0432, 영화와철학,균인109,3,3,이병옥, , 월10:00-12:50(Y5120), 
[인문과학],,0433, 영화와철학,균인109,3,3,이병옥, , 월15:00-17:50(Y5120), 
[인문과학],,0434, 미학의이해,균인113,2,2,김화자, , 목13:00-14:50(Y9501), 
[인문과학],,0435, 미학의이해,균인113,2,2,신현주, , 월11:00-12:50(Y5125), 
[인문과학],,0436, 지중해문화여행,균인119,3,3,이종화, , 수14:00-16:50(Y101), 
[문화와예술],,0223, 한국미술사입문,기문108,3,3,이은주, , 화14:00-16:50(Y101), 
[문화와예술],,0224, 서양미술사입문,기문109,3,3,김호근, , 수15:00-17:50(Y8326), 
[문화와예술],,0225, 색채학,기문110,3,3,백지회, , 목09:00-11:50(Y9106), 
[문화와예술],,0226, 색채학,기문110,3,3,백지회, , 목13:00-15:50(Y9035), 
[문화와예술],,0227, 디자인사,기문111,3,3,오주은, , 수10:00-12:50(Y5120), 
[문화와예술],,0228, 디자인개론,기문113,3,3,오주은, , 수14:00-16:50(Y5120), 
[문화와예술],,0229, 서양건축사,기문114,3,3,김란수, , 화15:00-17:50(Y12220), 
[문화와예술],,0230, 서양건축사,기문114,3,3,김란수, , 금15:00-17:50(Y12320), 
[문화와예술],,0231, 영화와예술,기문122,3,3,장병원, , 화10:00-12:50(Y5120), 
[문화와예술],,0232, 공간디자인이해,기문125,3,3,임선희, , 화18:00-20:50(Y9110), 
[문화와예술],,0233, 미술사의이해,기문126,3,3,이은주, , 수12:00-14:50(Y2532), 
[문화와예술],,0234, 동서양미술과미학,기문131,3,3,한지만, , 목13:00-15:50(Y12122), 
[문화와예술],,0235, 건축학개론,기문132,2,2,이명주, , 목14:00-15:50(Y9010), N/P
[문화와예술],,0236, 기초댄스1,기문200,2,4,최일규, , 화13:00-16:50(Y2155), 
[문화와예술],,0237, 기초댄스1,기문200,2,4,최일규, , 목13:00-16:50(Y2155), 
[문화와예술],,0238, 뮤지컬음악의이해1,기문202,2,4,조성범, , 화09:00-12:50(Y2115), 
[문화와예술],,0239, 뮤지컬음악의이해1,기문202,2,4,조성범, , 화13:00-16:50(Y2115), 
[문화와예술],,0240, 한국건축사,기문208,3,3,김왕직, , 화09:00-11:50(Y101), 
[문화와예술],,0241, 교향곡의감상과이해,기문211,3,3,안정아, , 목13:00-15:50(Y9106), 
[문화와예술],,0242, 세계음식문화,기문231,3,3,최신식, , 화09:00-11:50(Y9010), 
[문화와예술],,0243, 4차산업혁명시대의예술,기문234,3,3,정혜윤, , 월13:00-15:50(Y2523), 
[문화와예술],,0437, 서양음악의이해,균문102,2,2,안정아, , 화10:00-11:50(Y9106), 
[문화와예술],,0438, 국악의이해,균문105,2,2,이지연, , 목11:00-12:50(Y9110), 
[문화와예술],,0439, 사진영상미디어의이해,균문117,3,3,김화자, , 목10:00-12:50(Y9501), 
[사회과학],,0244, 인간관계와커뮤니케이션,기사113,3,3,강재호, , 월13:00-15:50(Y9035), 
[사회과학],,0245, 인간관계와커뮤니케이션,기사113,3,3,강재호, , 수13:00-15:50(Y9035), 
[사회과학],,0246, 다문화사회의이해,기사132,3,3,김용한, , 화13:00-15:50(Y9035), 
[사회과학],,0247, NCS의이해와공기업취업전략,기사181,3,3,권성일, , 월09:00-11:50(Y8014), 
[사회과학],,0248, 창업사례연구,기사188,3,3,미배정, , 수12:00-14:50(Y9114), 신규임용예정
[사회과학],,0249, 창업시뮬레이션,기사190,3,3,미배정, , 월09:00-11:50(Y9114)," N/P, 신규임용예정"
[사회과학],,0440, 중국역사와문화,균사139,2,2,강윤옥, , , 인터넷강좌
[사회과학],,0441, 자기분석과직무역량개발,균사148,2,2,강현규, , 화13:00-14:50(Y9010), N/P
[사회과학],,0442, 자기분석과직무역량개발,균사148,2,2,강현규, , 화15:00-16:50(Y9010), N/P
[사회과학],,0443, 자기경영과실전취업준비,균사149,2,2,홍주영, , 월09:00-10:50(Y9035), N/P
[사회과학],,0444, 자기경영과실전취업준비,균사149,2,2,홍주영, , 월11:00-12:50(Y9035), N/P
[사회과학],,0445, 자기경영과실전취업준비,균사149,2,2,방성운, , 화11:00-12:50(Y2523), N/P
[사회과학],,0446, 자기경영과실전취업준비,균사149,2,2,방성운, , 화13:00-14:50(Y2523), N/P
[사회과학],,0447, 대한민국1%가될수있는재테크상식,균사157,3,3,김한수, , , 인터넷강좌(KCU)
[사회과학],,0448, 4차산업혁명시대기술과창업,균사174,3,3,김한수, , , 인터넷강좌(KCU)
[사회과학],,0449, 소비자를위한생활법률,균사175,3,3,김한수, , , 인터넷강좌(KCU)
[사회과학],,0450, 지구에서만나살아가는남자와여자,균사176,3,3,김한수, , , 인터넷강좌(KCU)
[자연과학],,0250, 미적분학1,기자101,3,3,조규근, ," 월09:00-10:50(Y9508), 수09:00-09:50(Y9508)", 
[자연과학],,0251, 미적분학1,기자101,3,3,문은호, ," 월11:00-12:50(Y9503), 수11:00-11:50(Y9503)", 
[자연과학],,0252, 미적분학1,기자101,3,3,김영희, ," 월11:00-12:50(Y9515), 수11:00-11:50(Y9515)", 
[자연과학],,0253, 미적분학1,기자101,3,3,김재덕, ," 월13:00-14:50(Y9519), 수13:00-13:50(Y9519)", 
[자연과학],,0254, 미적분학1,기자101,3,3,문은호, ," 월13:00-14:50(Y9503), 수13:00-13:50(Y9503)", 
[자연과학],,0255, 미적분학1,기자101,3,3,김영희, ," 월15:00-16:50(Y9515), 수15:00-15:50(Y9515)", 
[자연과학],,0256, 미적분학1,기자101,3,3,조규근, ," 월15:00-16:50(Y9508), 수15:00-15:50(Y9508)", 
[자연과학],,0257, 미적분학1,기자101,3,3,문은호, ," 화09:00-10:50(Y9503), 목09:00-09:50(Y9503)", 
[자연과학],,0258, 미적분학1,기자101,3,3,김영희, ," 화09:00-10:50(Y9515), 목09:00-09:50(Y9515)", 
[자연과학],,0259, 미적분학1,기자101,3,3,김재덕, ," 화11:00-11:50(Y9519), 목10:00-11:50(Y9519)", 
[자연과학],,0260, 미적분학1,기자101,3,3,조규근, ," 화11:00-11:50(Y9508), 목10:00-11:50(Y9508)", 
[자연과학],,0261, 미적분학1,기자101,3,3,조규근, ," 화12:00-13:50(Y9508), 목12:00-12:50(Y9508)", 
[자연과학],,0262, 미적분학1,기자101,3,3,김영희, ," 화12:00-13:50(Y9515), 목12:00-12:50(Y9515)", 
[자연과학],,0263, 미적분학1,기자101,3,3,문은호, ," 화14:00-14:50(Y9503), 목13:00-14:50(Y9503)", 
[자연과학],,0264, 미적분학1,기자101,3,3,김재덕, ," 화14:00-14:50(Y9519), 목13:00-14:50(Y9519)", 
[자연과학],,0265, 미적분학1,기자101,3,3,조규근, ," 화15:00-16:50(Y9508), 목15:00-15:50(Y9508)", 
[자연과학],,0266, 미적분학1,기자101,3,3,문은호, ," 화15:00-16:50(Y9503), 목15:00-15:50(Y9503)", 
[자연과학],,0267, 미적분학1,기자101,3,3,노세은, ," 월11:00-11:50(Y9517), 수11:00-11:50(Y9517), 금11:00-11:50(Y9517)", 수학과 전용강좌
[자연과학],,0268, 미적분학2,기자102,3,3,김영희, ," 화15:00-16:50(Y9515), 목15:00-15:50(Y9515)", 
[자연과학],,0269, 공학수학1,기자103,3,3,이범주, ," 월10:00-11:50(Y8326), 수13:00-13:50(Y8326)", 전기공학과 전용강좌
[자연과학],,0270, 공학수학1,기자103,3,3,이범주, ," 월13:00-13:50(Y8326), 수10:00-11:50(Y8326)", 전기공학과 전용강좌
[자연과학],,0271, 공학수학1,기자103,3,3,김한승, ," 월17:00-17:50(Y8301), 수16:00-17:50(Y8301)", 환경에너지공학과 전용강좌
[자연과학],,0272, 공학수학1,기자103,3,3,장민우, ," 화10:00-10:50(Y13216), 목10:00-11:50(Y13216)", 토목환경공학과 우선강좌
[자연과학],,0273, 공학수학1,기자103,3,3,최민석, , 금09:00-11:50(Y127), 기계공학과 전용강좌
[자연과학],,0274, 공학수학1,기자103,3,3,최민석, , 목09:00-11:50(Y123), 
[자연과학],,0275, 공학수학1,기자103,3,3,나광수, ," 월13:00-14:50(Y9515), 수13:00-13:50(Y9515)", 교통공학과 전용강좌
[자연과학],,0277, 공학수학1,기자103,3,3,조규근, , 금09:00-11:50(Y9508), 전자공학과 전용강좌
[자연과학],,0278, 공학수학1,기자103,3,3,김동호, , 금09:00-11:50(Y9515), 전자공학과 전용강좌
[자연과학],,0279, 공학수학1,기자103,3,3,심호진, ," 수11:00-12:50(Y9519), 금11:00-11:50(Y9519)", 컴퓨터공학과 전용강좌
[자연과학],,0280, 공학수학1,기자103,3,3,김동호, ," 수14:00-14:50(Y9519), 금13:00-14:50(Y9519)", 컴퓨터공학과 전용강좌
[자연과학],,0281, 공학수학1,기자103,3,3,나광수, ," 월09:00-10:50(Y301), 수11:00-11:50(Y301)", 화학공학과 전용강좌
[자연과학],,0282, 공학수학1,기자103,3,3,나광수, ," 월11:00-11:50(Y351), 수09:00-10:50(Y351)", 화학공학과 전용강좌
[자연과학],,0283, 통계학개론,기자106,3,3,박윤선, ," 화10:00-11:50(Y549), 목10:00-10:50(Y549)", 산업경영공학과 전용강좌
[자연과학],,0284, 통계학개론,기자106,3,3,박윤선, ," 화13:00-14:50(Y549), 목13:00-13:50(Y549)", 산업경영공학과 전용강좌
[자연과학],,0285, 통계학개론,기자106,3,3,김재덕, ," 화09:00-10:50(Y9519), 목09:00-09:50(Y9519)", 
[자연과학],,0286, 통계학개론,기자106,3,3,김재덕, ," 화15:00-16:50(Y9519), 목15:00-15:50(Y9519)", 교통공학과 전용강좌
[자연과학],,1263, 통계학개론,기자106,3,3,양태영, ," 월11:00-12:50(Y101), 수11:00-11:50(Y101)", 
[자연과학],,1264, 통계학개론,기자106,3,3,양태영, ," 수12:00-12:50(Y101), 금11:00-12:50(Y101)", 
[자연과학],,0287, 선형대수학개론,기자107,3,3,문은호, ," 화11:00-11:50(Y9503), 목10:00-11:50(Y9503)", 블렌디드러닝강좌
[자연과학],,0288, 물리학1,기자111,3,3,권철안, ," 월09:00-10:50(Y9001), 수10:00-10:50(Y9001)", 물리학과 전용강좌
[자연과학],,0289, 물리학1,기자111,3,3,노태호, ," 월09:00-10:50(Y9006), 수09:00-09:50(Y9006)", 
[자연과학],,0290, 물리학1,기자111,3,3,김영훈, ," 월11:00-12:50(Y9001), 수11:00-11:50(Y9001)", 
[자연과학],,0291, 물리학1,기자111,3,3,노태호, ," 월11:00-12:50(Y9006), 수11:00-11:50(Y9006)", 
[자연과학],,0292, 물리학1,기자111,3,3,김영훈, ," 월13:00-14:50(Y9001), 수13:00-13:50(Y9001)", 
[자연과학],,0293, 물리학1,기자111,3,3,김영훈, ," 월15:00-16:50(Y9001), 수15:00-15:50(Y9001)", 
[자연과학],,0294, 물리학1,기자111,3,3,박영아, ," 월15:00-16:50(Y9006), 수15:00-15:50(Y9006)", 
[자연과학],,0295, 물리학1,기자111,3,3,이남주, ," 화09:00-10:50(Y9001), 목10:00-10:50(Y9001)", 
[자연과학],,0296, 물리학1,기자111,3,3,노태호, ," 화09:00-10:50(Y9006), 목10:00-10:50(Y9006)", 
[자연과학],,0297, 물리학1,기자111,3,3,이남주, ," 화11:00-12:50(Y9001), 목11:00-11:50(Y9001)", 
[자연과학],,0298, 물리학1,기자111,3,3,이지우, ," 화11:00-12:50(Y9006), 목11:00-11:50(Y9006)", 
[자연과학],,0299, 물리학1,기자111,3,3,민해식, ," 화13:00-14:50(Y9001), 목13:00-13:50(Y9001)", 
[자연과학],,0300, 물리학1,기자111,3,3,문혜진, ," 화13:00-14:50(Y9006), 목13:00-13:50(Y9006)", 
[자연과학],,0301, 물리학1,기자111,3,3,민해식, ," 화15:00-16:50(Y9001), 목15:00-15:50(Y9001)", 
[자연과학],,0302, 물리학1,기자111,3,3,문혜진, ," 화15:00-16:50(Y9006), 목15:00-15:50(Y9006)", 
[자연과학],,0303, 물리학1,기자111,3,3,김복수, ," 수10:00-10:50(Y9006), 금09:00-10:50(Y9006)", 
[자연과학],,0304, 물리학1,기자111,3,3,김복수, ," 수14:00-14:50(Y9006), 금13:00-14:50(Y9006)", 
[자연과학],,0305, 물리학1,기자111,3,3,윤병만, ," 화16:00-16:50(Y13103), 목15:00-16:50(Y13103)", 토목환경공학과 우선강좌
[자연과학],,0306, 물리학2,기자112,3,3,김복수, ," 수11:00-12:50(Y9010), 금11:00-11:50(Y9010)", 
[자연과학],,0307, 물리학실험1,기자113,1,2,김선제, , 월09:00-10:50(Y23515), 
[자연과학],,0308, 물리학실험1,기자113,1,2,김선제, , 월11:00-12:50(Y23520), 
[자연과학],,0309, 물리학실험1,기자113,1,2,김선제, , 수09:00-10:50(Y23523), 
[자연과학],,0310, 물리학실험1,기자113,1,2,김선제, , 목09:00-10:50(Y23515), 
[자연과학],,0311, 물리학실험1,기자113,1,2,김선제, , 금09:00-10:50(Y23515), 
[자연과학],,0312, 물리학실험1,기자113,1,2,박영아, , 화09:00-10:50(Y23515), 
[자연과학],,0313, 물리학실험1,기자113,1,2,박영아, , 화13:00-14:50(Y23515), 
[자연과학],,0314, 물리학실험1,기자113,1,2,박영아, , 수09:00-10:50(Y23515), 
[자연과학],,0315, 물리학실험1,기자113,1,2,박영아, , 목11:00-12:50(Y23523), 
[자연과학],,0316, 물리학실험1,기자113,1,2,박영아, , 금09:00-10:50(Y23520), 
[자연과학],,0317, 물리학실험1,기자113,1,2,이지우, , 월09:00-10:50(Y23523), 
[자연과학],,0318, 물리학실험1,기자113,1,2,이지우, , 월13:00-14:50(Y23523), 
[자연과학],,0319, 물리학실험1,기자113,1,2,이지우, , 화13:00-14:50(Y23523), 
[자연과학],,0320, 물리학실험1,기자113,1,2,이지우, , 수13:00-14:50(Y23515), 
[자연과학],,0321, 물리학실험1,기자113,1,2,이지우, , 목13:00-14:50(Y23515), 
[자연과학],,0322, 물리학실험1,기자113,1,2,김재완, , 월11:00-12:50(Y23515), 
[자연과학],,0323, 물리학실험1,기자113,1,2,김재완, , 화09:00-10:50(Y23523), 
[자연과학],,0324, 물리학실험1,기자113,1,2,김재완, , 화11:00-12:50(Y23523), 
[자연과학],,0325, 물리학실험1,기자113,1,2,김재완, , 목09:00-10:50(Y23523), 
[자연과학],,0326, 물리학실험1,기자113,1,2,김재완, , 목11:00-12:50(Y23515), 
[자연과학],,0327, 물리학실험1,기자113,1,2,권철안, , 수11:00-12:50(Y23520), 
[자연과학],,0328, 물리학실험1,기자113,1,2,권철안, , 목11:00-12:50(Y23520), 
[자연과학],,0329, 물리학실험1,기자113,1,2,권철안, , 금09:00-10:50(Y23523), 
[자연과학],,0330, 물리학실험1,기자113,1,2,노태호, , 월13:00-14:50(Y23520), 
[자연과학],,0331, 물리학실험1,기자113,1,2,노태호, , 화11:00-12:50(Y23520), 
[자연과학],,0332, 물리학실험1,기자113,1,2,노태호, , 화13:00-14:50(Y23520), 
[자연과학],,0333, 물리학실험1,기자113,1,2,노태호, , 목13:00-14:50(Y23520), 
[자연과학],,0334, 물리학실험1,기자113,1,2,강치중, , 화09:00-10:50(Y23520), 
[자연과학],,0335, 물리학실험1,기자113,1,2,강치중, , 수11:00-12:50(Y23523), 
[자연과학],,0336, 물리학실험1,기자113,1,2,강치중, , 목09:00-10:50(Y23520), 
[자연과학],,0337, 일반생물학,기자116,3,3,문정환, ," 화14:00-14:50(Y5120), 목13:00-14:50(Y5120)", 
[자연과학],,0338, 일반생물학,기자116,3,3,최상봉, ," 화14:00-14:50(Y5125), 목13:00-14:50(Y5125)", 
[자연과학],,0339, 일반생물학,기자116,3,3,정병철, ," 화14:00-15:50(Y8326), 목14:00-14:50(Y8326)", 
[자연과학],,0340, 생물학1,기자117,3,3,권형진, ," 수12:00-12:50(Y8326), 금11:00-12:50(Y8326)", 
[자연과학],,0341, 생물학1,기자117,3,3,정병철, ," 화11:00-11:50(Y8326), 목10:00-11:50(Y8326)", 
[자연과학],,0342, 생물학실험1,기자119,1,2,김상현, , 월14:00-15:50(Y8305), 
[자연과학],,0343, 생물학실험1,기자119,1,2,김상현, , 수14:00-15:50(Y8305), 
[자연과학],,0344, 일반화학,기자121,3,3,이동기, ," 월11:00-12:50(Y9014), 수11:00-11:50(Y9014)", 
[자연과학],,0345, 일반화학,기자121,3,3,임보람, ," 월13:00-14:50(Y23101), 수13:00-13:50(Y23101)", 
[자연과학],,0346, 일반화학,기자121,3,3,임보람, ," 월15:00-16:50(Y23101), 수15:00-15:50(Y23101)", 
[자연과학],,0347, 일반화학,기자121,3,3,임보람, ," 월09:00-10:50(Y23101), 수09:00-09:50(Y23101)", 
[자연과학],,0348, 일반화학,기자121,3,3,임보람, ," 화12:00-13:50(Y23101), 목12:00-12:50(Y23101)", 
[자연과학],,0349, 일반화학,기자121,3,3,이현주, ," 화14:00-14:50(Y9014), 목13:00-14:50(Y9014)", 
[자연과학],,0350, 일반화학,기자121,3,3,이현주, ," 화15:00-16:50(Y9014), 목15:00-15:50(Y9014)", 
[자연과학],,0351, 일반화학실험,기자122,1,2,한승석, , 월11:00-12:50(Y23423), 
[자연과학],,0352, 일반화학실험,기자122,1,2,구상호, , 월13:00-14:50(Y23423), 
[자연과학],,0353, 일반화학실험,기자122,1,2,구상호, , 월15:00-16:50(Y23423), 
[자연과학],,0354, 일반화학실험,기자122,1,2,구상호, , 화09:00-10:50(Y23423), 
[자연과학],,0355, 일반화학실험,기자122,1,2,이동기, , 화11:00-12:50(Y23423), 
[자연과학],,0356, 일반화학실험,기자122,1,2,한승석, , 화13:00-14:50(Y23423), 
[자연과학],,0357, 일반화학실험,기자122,1,2,한승석, , 화15:00-16:50(Y23423), 
[자연과학],,0358, 일반화학실험,기자122,1,2,이동기, , 수09:00-10:50(Y23423), 
[자연과학],,0359, 일반화학실험,기자122,1,2,한승석, , 수11:00-12:50(Y23423), 
[자연과학],,0360, 일반화학실험,기자122,1,2,구상호, , 수13:00-14:50(Y23423), 
[자연과학],,0361, 일반화학실험,기자122,1,2,이동기, , 수15:00-16:50(Y23423), 
[자연과학],,0362, 일반화학실험,기자122,1,2,한승석, , 목11:00-12:50(Y23423), 
[자연과학],,0363, 일반화학실험,기자122,1,2,이동기, , 목13:00-14:50(Y23423), 
[자연과학],,0364, 일반화학실험,기자122,1,2,이동기, , 목15:00-16:50(Y23423), 
[자연과학],,0365, 화학1,기자123,3,3,이한림, ," 월09:00-10:50(Y9014), 수09:00-09:50(Y9014)", 화학과 전용강좌
[자연과학],,0366, 화학1,기자123,3,3,박노경, ," 월11:00-12:50(Y23101), 수11:00-11:50(Y23101)", 
[자연과학],,0367, 화학1,기자123,3,3,정장훈, ," 월13:00-14:50(Y9014), 수13:00-13:50(Y9014)", 
[자연과학],,0369, 화학1,기자123,3,3,임보람, ," 화11:00-11:50(Y23101), 목10:00-11:50(Y23101)", 
[자연과학],,0370, 화학1,기자123,3,3,민혜경, ," 화14:00-14:50(Y23101), 목13:00-14:50(Y23101)", 
[자연과학],,0371, 화학1,기자123,3,3,민혜경, ," 화15:00-16:50(Y23101), 목15:00-15:50(Y23101)", 
[자연과학],,0372, 화학1,기자123,3,3,윤태광, ," 월16:00-16:50(Y23721), 목15:00-16:50(Y23721)", 신소재공학과 전용강좌
[자연과학],,0373, 화학1,기자123,3,3,정범석, ," 화11:00-11:50(Y5125), 목10:00-11:50(Y5125)", 환경에너지공학과 전용강좌
[자연과학],,0374, 화학실험1,기자125,1,2,박노경, , 월09:00-10:50(Y23420), 
[자연과학],,0375, 화학실험1,기자125,1,2,이한림, , 월11:00-12:50(Y23420), 
[자연과학],,0376, 화학실험1,기자125,1,2,이한림, , 월13:00-14:50(Y23420), 
[자연과학],,0377, 화학실험1,기자125,1,2,정장훈, , 월15:00-16:50(Y23420), 
[자연과학],,0378, 화학실험1,기자125,1,2,정장훈, , 화09:00-10:50(Y23420), 
[자연과학],,0379, 화학실험1,기자125,1,2,정장훈, , 화11:00-12:50(Y23420), 
[자연과학],,0380, 화학실험1,기자125,1,2,박노경, , 화13:00-14:50(Y23420), 
[자연과학],,0381, 화학실험1,기자125,1,2,박노경, , 화15:00-16:50(Y23420), 
[자연과학],,0382, 화학실험1,기자125,1,2,박노경, , 수09:00-10:50(Y23420), 
[자연과학],,0383, 화학실험1,기자125,1,2,이한림, , 수11:00-12:50(Y23420), 
[자연과학],,0384, 화학실험1,기자125,1,2,이한림, , 수13:00-14:50(Y23420), 
[자연과학],,0385, 화학실험1,기자125,1,2,정장훈, , 수15:00-16:50(Y23420), 
[자연과학],,0386, 화학실험1,기자125,1,2,박노경, , 목11:00-12:50(Y23420), 
[자연과학],,0387, 화학실험1,기자125,1,2,이한림, , 목13:00-14:50(Y23420), 
[자연과학],,0388, 화학실험1,기자125,1,2,정장훈, , 목15:00-16:50(Y23420), 
[자연과학],,0389, 일반생물학실험,기자130,1,2,김상현, , 목15:00-16:50(Y8305), 
[자연과학],,0390, 미적분학연습1,기자131,1,2,노세은, , 화11:00-12:50(Y9517), 수학과 전용강좌
[자연과학],,0451, 공학경제,균과101,3,3,박호철, ," 월12:00-12:50(Y5346), 수13:00-14:50(Y5346)", 교통공학과 전용강좌
[자연과학],,0452, 기초미적분학,균과110,3,3,김재덕, ," 월09:00-10:50(Y9519), 수09:00-09:50(Y9519)", 
[자연과학],,0453, 기초미적분학,균과110,3,3,김재덕, ," 수10:00-10:50(Y9519), 금09:00-10:50(Y9519)", 
[자연과학],,0454, 기초미적분학,균과110,3,3,심호진, ," 화11:00-11:50(Y9515), 목10:00-11:50(Y9515)", 
[자연과학],,0455, 기초미적분학,균과110,3,3,심호진, ," 월15:00-16:50(Y9517), 수15:00-15:50(Y9517)", 
[공학],,0391, 전공자유학부세미나,기공109,1,2,엄혜영, , 수15:00-16:50(Y9110)," 전공자유학부 전용강좌, N/P"
[공학],,0392, 전공자유학부세미나,기공109,1,2,김희진, , 수15:00-16:50(Y9530)," 전공자유학부 전용강좌, N/P"
[건강과생활],,0393, 게임학개론,기건111,3,3,김미라, , 월12:00-14:50(Y2259), 
[건강과생활],,0394, 운동생리학,기건118,3,3,이동준, , 목18:40-21:05(Y6302), 
[건강과생활],,0395, 스포츠맛사지,기건119,3,3,전병오, , 화18:40-21:05(Y6316), 
[건강과생활],,0396, 스포츠와리더십,기건125,3,3,김상유, , 수18:40-21:05(Y6106), 
[건강과생활],,0397, 스포츠와체육의탐구,기건127,3,3,김창영, , 화09:00-11:50(Y6106), 
[건강과생활],,0398, 교양바둑,기건130,2,2,박태순, , 화13:00-14:50(Y2259), 
[건강과생활],,0399, 식품과영양의이해,기건135,3,3,강희진, ," 월13:00-13:50(Y5125), 수13:00-14:50(Y5125)", 
[건강과생활],,0402, 스마트다이어트,기건136,3,3,강희진, ," 월15:00-16:50(Y5125), 수15:00-15:50(Y5125)", 
[건강과생활],,0456, 교양골프,균여101,2,2,조원득, , 월13:00-14:50(Y6304), 
[건강과생활],,0457, 교양골프,균여101,2,2,조원득, , 월15:00-16:50(Y6302), 
[건강과생활],,0458, 교양수영,균여102,2,2,손지영, , 월11:00-12:50(Y6316), 
[건강과생활],,0459, 교양수영,균여102,2,2,손지영, , 화11:00-12:50(Y6316), 
[건강과생활],,0460, 응급처치법,균여106,3,3,함주호, , 월13:00-15:50(Y6316), 
[건강과생활],,0461, 교양스포츠댄스,균여108,2,2,박혜정, , 목11:00-12:50(Y6408), 
[건강과생활],,0462, 교양스포츠댄스,균여108,2,2,박혜정, , 목13:00-14:50(Y6408), 
[건강과생활],,0463, 교양탁구,균여109,2,2,이동준, , 화13:00-14:50(Y6302), 
[건강과생활],,0464, 교양탁구,균여109,2,2,이동준, , 목15:00-16:50(Y6302), 
[건강과생활],,0465, 교양볼링,균여111,2,2,김진우, , 수13:00-14:50(Y6304), 
[건강과생활],,0466, 교양볼링,균여111,2,2,김진우, , 수15:00-16:50(Y6304), 
[건강과생활],,0467, 교양요가필라테스,균여112,2,2,김지숙, , 수11:00-12:50(Y6316), 
[건강과생활],,0468, 교양요가필라테스,균여112,2,2,김지숙, , 수13:00-14:50(Y6316), 
[건강과생활],,0469, 교양테니스,균여113,2,2,정종삼, , 수09:00-10:50(Y6404), 
[건강과생활],,0470, 교양테니스,균여113,2,2,정종삼, , 수11:00-12:50(Y6404), 
[건강과생활],,1200, 해양레포츠,균여114,2,2,장경호, , 수15:00-16:50(Y6402), 
[건강과생활],,0471, 교양축구,균여115,2,2,김진선, , 목09:00-10:50(Y6304), 
[건강과생활],,0472, 교양축구,균여115,2,2,김진선, , 목11:00-12:50(Y6304), 
[건강과생활],,0473, 교양농구,균여116,2,2,김태진, , 목09:00-10:50(Y7100), 
[건강과생활],,0474, 교양농구,균여116,2,2,김태진, , 목11:00-12:50(Y7100), 
[건강과생활],,0475, 교양소프트볼,균여117,2,2,김창영, , 화13:00-14:50(Y6304), 
[건강과생활],,0476, 영양과운동,균여118,3,3,전병오, , 수09:00-11:50(Y6106), 
[건강과생활],,0477, 장애인의이해,균여120,3,3,장경호, , 목14:00-16:50(Y6402), 
[외국어],,0400, 토익(RC),기외131,3,3,이경아, , 금10:00-12:50(Y2526), 
[외국어],,0401, 토익(LC),기외132,3,3,이경아, , 목10:00-12:50(Y8014), 
[외국어],,0479, 교양일본어,균외107,3,3,이지현, , 월15:00-17:50(Y9010), 
[외국어],,0480, 중급한국어1,균외111,3,3,임우열, , 화13:00-15:50(Y8014), TOPIK 3급 외국인학생 전용강좌
[외국어],,0481, 초급불어,균외118,3,3,박학순, , 목10:00-12:50(Y9035), 
[외국어],,0482, 기초영어,균외126,2,2,서정아, ," 화10:00-10:50(Y8107), 목10:00-10:50(Y8107)", 
[외국어],,0483, 기초영어,균외126,2,2,서정아, ," 화11:00-11:50(Y8107), 목11:00-11:50(Y8107)", 
[외국어],,0484, 기초영어,균외126,2,2,서정아, ," 화13:00-13:50(Y8107), 목13:00-13:50(Y8107)", 
[외국어],,0485, 기초영어,균외126,2,2,서정아, ," 화14:00-14:50(Y8107), 목14:00-14:50(Y8107)", 
[외국어],,0486, 쉽게!쉽게!실생활일본어첫걸음,균외133,3,3,김한수, , , 인터넷강좌(KCU)
[외국어],,0487, 한국어회화입문,균외140,3,3,함금자, , 금09:00-11:50(Y8014), TOPIK 1급 외국인학생 전용강좌
[외국어],,0488, 한국어문법초급,균외143,3,3,미배정, , 금09:00-11:50(Y8107)," TOPIK2급 외국인학생전용강좌, 신규임용예정"
[컴퓨터],,0403, C언어,기컴101,3,3,김제민, , 월10:00-12:50(Y9119), 
[컴퓨터],,0404, C언어,기컴101,3,3,김제민, , 월14:00-16:50(Y9119), 
[컴퓨터],,0405, C언어,기컴101,3,3,김제민, , 수10:00-12:50(Y9119), 
[컴퓨터],,0406, C언어,기컴101,3,3,최옥경, , 수14:00-16:50(Y9125), 
[컴퓨터],,0407, C언어,기컴101,3,3,최옥경, , 목10:00-12:50(Y9125), 
[컴퓨터],,0408, C언어,기컴101,3,3,최옥경, , 목14:00-16:50(Y9125), 
[컴퓨터],,0409, C언어,기컴101,3,3,최태종, , 화10:00-12:50(Y9119), 
[컴퓨터],,0410, C언어,기컴101,3,3,최태종, , 화14:00-16:50(Y9119), 
[컴퓨터],,0411, C언어,기컴101,3,3,미배정, , 금14:00-16:50(Y9119), 신규임용 예정
[컴퓨터],,0412, C언어,기컴101,3,3,이규진, , 월13:00-15:50(Y247), 
[컴퓨터],,0413, C언어,기컴101,3,3,이규진, , 수13:00-15:50(Y247), 
[컴퓨터],,0414, C언어,기컴101,3,3,박강, , 월09:00-11:50(Y201), 
[컴퓨터],,0415, CAD개론,기컴103,3,3,장민우, , 금09:00-11:50(Y13112), 토목환경공학과 우선강좌
[컴퓨터],,0416, C++Programming,기컴104,3,3,김태완, ," 월14:00-15:50(Y9110), 수14:00-14:50(Y9110)", 전기공학과 전용강좌
[컴퓨터],,0417, 엑셀기초및실무활용,기컴118,3,3,유충열, , 월14:00-16:50(Y9135), 
[컴퓨터],,0418, 엑셀기초및실무활용,기컴118,3,3,유충열, , 화10:00-12:50(Y9135), 
[컴퓨터],,0419, 엑셀기초및실무활용,기컴118,3,3,김은영, , 금10:00-12:50(Y9101), 
[컴퓨터],,0420, 엑셀기초및실무활용,기컴118,3,3,김은영, , 금14:00-16:50(Y9101), 
[컴퓨터],,0421, 엑셀기초및실무활용,기컴118,3,3,미배정, , 수14:00-16:50(Y9135), 신규임용 예정
[컴퓨터],,0422, 웹프로그래밍기초,기컴120,3,3,최옥경, , 화10:00-12:50(Y9125), 
[컴퓨터],,0423, 웹프로그래밍기초,기컴120,3,3,최옥경, , 화14:00-16:50(Y9125), 
[컴퓨터],,0424, 웹과앱기초,기컴123,3,3,최옥경, , 수10:00-12:50(Y9125), 
[컴퓨터],,0425, 파이썬프로그래밍입문,기컴126,3,3,송효종, ," 화16:00-16:50(Y9101), 목15:00-16:50(Y9101)", 
[컴퓨터],,0426, 생활속의bigdata,기컴127,3,3,유충열, , 수10:00-12:50(Y9135), 
[컴퓨터],,0489, SNS로톡하고빅데이터로놀아보자,균컴113,3,3,김한수, , , 인터넷강좌(KCU)
[특별주제명사초대강좌],,0490, 방목석좌교수특강,균명101,2,2,조성경, , 수15:00-16:50(Y2446), N/P
[특별주제명사초대강좌],,0491, 용인학,균명104,2,2,박종성, , 목14:00-15:50(Y2526), N/P
[특별주제명사초대강좌],,0492, 교수(조규근)세미나,균명276,1,1,조규근, , 목16:00-16:50(Y9508), N/P
[특별주제명사초대강좌],,0493, 교수(오은엽)세미나,균명279,1,1,오은엽, , 수12:00-12:50(Y9029), N/P
[특별주제명사초대강좌],,0494, 교수(김재덕)세미나,균명290,1,1,김재덕, , 월16:00-16:50(Y9519), N/P
[특별주제명사초대강좌],,0495, 교수(김영민)세미나,균명542,1,1,김영민, , 화19:00-19:50(Y12315)," 건축학부 전용강좌, N/P"
[특별주제명사초대강좌],,0496, 교수(문은호)세미나,균명566,1,1,문은호, , 월16:00-16:50(Y9503), N/P
[특별주제명사초대강좌],,0497, 교수(김지헌)세미나,균명619,1,1,김지헌, , 목14:00-15:50(Y12232)," 산업디자인전공 전용강좌, N/P,상반기집중수업"
[특별주제명사초대강좌],,0498, 교수(전병오)세미나,균명631,1,1,전병오, , 목13:00-13:50(Y6302)," 스포츠학부 전용강좌, N/P"
[특별주제명사초대강좌],,0499, 전공과진로1,균명901,1,1,이동준, , 월13:00-13:50(Y6302)," 스포츠학부 전용강좌, N/P"
[특별주제명사초대강좌],,0500, 전공과진로1,균명901,1,1,김창영, , 수13:00-13:50(Y6119)," 스포츠학부 전용강좌, N/P"
[특별주제명사초대강좌],,0501, 전공과진로1,균명901,1,1,정병철, , 수12:00-12:50(Y8014)," 생명과학정보학과 전용강좌, N/P"
[특별주제명사초대강좌],,0502, 전공과진로1,균명901,1,1,최신식, , 화17:00-17:50(Y9010)," 식품영양학과 전용강좌, N/P"
[교직],,0503, 교육학개론,교직801,2,2,이지연, , 화13:00-14:50(Y9401), 스포츠지도학전공 전용강좌
[교직],,0504, 교육심리,교직802,2,2,이지연, , 월11:00-12:50(Y9401), 
[교직],,0505, 교육과정,교직807,2,2,김용한, , 화11:00-12:50(Y9401), 
[교직],,0506, 특수교육학개론,교직809,2,2,이지연, , 수11:00-12:50(Y9401), 
[교직],,0507, 교육행정및교육경영,교직810,2,2,이경옥, , 월13:00-14:50(Y9401), 
[교직],,0508, 교육실습,교직813,2,2,이지연, , 수15:00-16:50(Y9401), 
[교직],,0509, 교직실무,교직814,2,2,이지연, , 목13:00-14:50(Y9401), 
[교직],,0510, 학교폭력예방및학생의이해,교직818,2,2,이경옥, , 월15:00-16:50(Y9401), 
[수학과],2,0511, 해석학개론1,수학225,3,3,노세은, ," 월14:00-14:50(Y23209), 수14:00-14:50(Y23209), 금14:00-14:50(Y23209)", 
[수학과],2,0512, 해석학개론연습1,수학227,1,2,노세은, , 화09:00-10:50(Y23209), 
[수학과],2,0513, 집합론,수학274,3,3,김영기, ," 월10:00-10:50(Y23212), 수10:00-10:50(Y23212), 금10:00-10:50(Y23212)", 
[수학과],2,1270, 집합론연습,수학275,1,2,김영기, , 화13:00-14:50(Y23212), 
[수학과],2,1271, 집합론연습,수학275,1,2,김영기, , 화15:00-16:50(Y23212), 
[수학과],2,0515, 선형대수학,수학276,3,3,신동욱, ," 월11:00-11:50(Y23209), 수11:00-11:50(Y23209), 금11:00-11:50(Y23209)", 
[수학과],2,1272, 선형대수학연습,수학277,1,2,신동욱, , 화13:00-14:50(Y23209), 
[수학과],2,1273, 선형대수학연습,수학277,1,2,신동욱, , 화15:00-16:50(Y23209), 
[수학과],2,1266, 조합및그래프이론,수학282,3,3,김재덕, ," 월15:00-15:50(Y23212), 수15:00-15:50(Y23212), 금15:00-15:50(Y23212)", 
[수학과],2,0517, 딥러닝을위한수학및프로그래밍,수학286,3,3,신동욱, ," 월15:00-15:50(Y23209), 수15:00-15:50(Y23209), 금15:00-15:50(Y23209)", 
[수학과],3,0518, 현대대수학1,수학311,3,3,김영기, ," 월14:00-14:50(Y23212), 수14:00-14:50(Y23212), 금14:00-14:50(Y23212)", 
[수학과],3,0519, 위상수학1,수학331,3,3,김영기, ," 월11:00-11:50(Y23212), 수11:00-11:50(Y23212), 금11:00-11:50(Y23212)", 
[수학과],3,0520, 확률론,수학351,3,3,양태영, ," 월10:00-10:50(Y23209), 수10:00-10:50(Y23209), 금10:00-10:50(Y23209)", 
[수학과],3,0521, 복소해석학,수학379,3,3,노세은, ," 월13:00-13:50(Y23212), 수13:00-13:50(Y23212), 금13:00-13:50(Y23212)", 
[수학과],4,0522, 미분기하학,수학441,3,3,김동호, ," 월15:00-15:50(Y23511), 수15:00-15:50(Y23511), 금15:00-15:50(Y23511)", 
[수학과],4,0523, 데이터분석,수학455,3,3,양태영, ," 월13:00-13:50(Y23526), 수13:00-13:50(Y23526), 금13:00-13:50(Y23526)", 
[수학과],,0524, 수학논리및논술,수학802,2,2,김소형, , 목10:00-11:50(Y23212), 
[물리학과],2,0525, 현대물리학,물리247,3,3,김재완, ," 월09:00-09:50(Y23323), 수09:00-10:50(Y23323)", 
[물리학과],2,0526, 전자물리학,물리256,3,3,강치중, ," 월13:00-13:50(Y23323), 수15:00-16:50(Y23323)", 
[물리학과],2,0527, 전자물리실험,물리257,2,4,강치중, , 화13:00-16:50(Y23317), 
[물리학과],2,0528, 역학1,물리263,3,3,박영아, ," 월10:00-11:50(Y23323), 수11:00-11:50(Y23323)", 
[물리학과],2,0529, 수리물리학1,물리264,3,3,권철안, ," 월15:00-15:60(Y23323), 수13:00-13:50(Y23323)", 
[물리학과],3,0530, 고체물리학,물리377,3,3,강치중, ," 월09:00-09:50(Y23321), 수09:00-10:50(Y23321)", 
[물리학과],3,0531, 파동및광학,물리384,3,3,김선제, ," 월14:00-15:50(Y23321), 수11:00-11:50(Y23321)", 
[물리학과],3,0532, 양자역학1,물리392,3,3,박영아, ," 월13:00-13:50(Y23321), 수13:00-14:50(Y23321)", 
[물리학과],3,0533, 현대광학실험,물리393,2,4,김재완, , 화13:00-16:50(Y23315), 
[물리학과],3,0534, 전자기학2,물리394,3,3,권철안, ," 월11:00-11:50(Y23321), 수15:00-16:50(Y23321)", 
[물리학과],4,0535, 열및통계물리학,물리476,3,3,이지우, ," 화09:00-09:50(Y23321), 목09:00-10:50(Y23321)", 
[물리학과],4,0536, 기하광학,물리487,3,3,김선제, ," 화11:00-11:50(Y23321), 목14:00-15:50(Y23321)", 
[물리학과],,0537, 물리교육론,물리800,3,3,이지우, ," 화17:00-18:50(Y23321), 목16:00-16:50(Y23321)", 
[화학과],2,0538, 무기화학1,화학201,3,3,이한림, ," 월15:00-16:50(Y23223), 수15:00-15:50(Y23223)", 
[화학과],2,0539, 물리화학1,화학211,3,3,한승석, ," 수14:00-14:50(Y23623), 금13:00-14:50(Y23623)", 
[화학과],2,0540, 분석화학1,화학231,3,3,박노경, ," 월13:00-14:50(Y23223), 수13:00-13:50(Y23223)", 
[화학과],2,0541, 유기화학1,화학251,3,3,임보람, ," 월11:00-12:50(Y23223), 수11:00-11:50(Y23223)", 
[화학과],3,0542, 무기화학3,화학301,3,3,정장훈, ," 월10:00-10:50(Y23623), 수09:00-10:50(Y23623)", 
[화학과],3,0543, 무기화학실험1,화학303,2,4,정장훈, , 목09:00-12:50(Y23620), 
[화학과],3,1269, 물리화학3,화학311,3,3,한승석, ," 월13:00-14:50(Y23623), 수13:00-13:50(Y23623)", 
[화학과],3,0544, 물리화학실험1,화학313,2,4,한승석, , 화09:00-12:50(Y23620), 
[화학과],3,1268, 유기화학3,화학351,3,3,구상호, ," 월11:00-12:50(Y23623), 수11:00-11:50(Y23623)", 
[화학과],3,0545, 유기화학실험1,화학353,2,4,구상호, , 목13:00-16:50(Y23617), 
[화학과],3,0546, 나노화학실험,화학364,2,4,이동기, , 화13:00-16:50(Y23617), 
[화학과],4,0547, 나노화학1,화학445,3,3,이동기, ," 월15:00-15:50(Y23623), 금15:00-16:50(Y23623)", 
[화학과],4,0548, 고분자화학,화학471,3,3,이동기, ," 수12:00-12:50(Y23623), 금11:00-12:50(Y23623)", 
[화학과],4,0549, 기기분석1,화학482,3,3,박노경, ," 월16:00-16:50(Y23623), 수15:00-16:50(Y23623)", 
[생명과학정보학과],2,0567, 유전학,생명203,3,3,최상봉, ," 월13:00-14:50(Y8321), 수13:00-13:50(Y8321)", 
[생명과학정보학과],2,0568, 유전학,생명203,3,3,최상봉, ," 화16:00-17:50(Y8321), 목16:00-16:50(Y8321)", 
[생명과학정보학과],2,0569, 원핵생물실험1,생명205,2,4,이창로, , 월15:00-18:50(Y8309), 
[생명과학정보학과],2,0570, 원핵생물실험1,생명205,2,4,이상희, , 목15:00-18:50(Y8309), 
[생명과학정보학과],2,0571, 원핵생물실험1,생명205,2,4,정병철, , 금13:00-16:50(Y8309), 
[생명과학정보학과],2,0572, 식물학,생명209,3,3,문정환, ," 수09:00-10:50(Y8317), 금09:00-09:50(Y8317)", 
[생명과학정보학과],2,0573, 미생물학1,생명211,4,4,정병철, ," 월11:00-12:50(Y8321), 수10:00-11:50(Y8321)", 
[생명과학정보학과],2,0574, 미생물학1,생명211,4,4,이상희, ," 월14:00-15:50(Y8317), 수14:00-15:50(Y8317)", 
[생명과학정보학과],2,0575, 생물유기화학,생명217,4,4,홍순광, ," 월15:00-16:50(Y8321), 목14:00-15:50(Y8321)", 
[생명과학정보학과],2,0576, 분석생물학,생명220,3,3,권형진, ," 화11:00-11:50(Y8321), 목10:00-11:50(Y8321)", 
[생명과학정보학과],3,0577, 세포생물학,생명302,3,3,권형진, ," 수14:00-14:50(Y8321), 금13:00-14:50(Y8321)", 
[생명과학정보학과],3,0578, 분자생리학,생명317,3,3,송상익, ," 월11:00-12:50(Y8317), 수12:00-12:50(Y8317)", 
[생명과학정보학과],3,0579, 분자생리학,생명317,3,3,송상익, ," 월16:00-17:50(Y8317), 수16:00-16:50(Y8317)", 
[생명과학정보학과],3,0580, 분자생물학1,생명322,3,3,김상현, ," 화09:00-10:50(Y8321), 목09:00-09:50(Y8321)", 
[생명과학정보학과],4,0581, 식물발달생물학,생명325,3,3,김상현, ," 월09:00-10:50(Y8321), 수09:00-09:50(Y8321)", 
[생명과학정보학과],3,0582, 식물생리학,생명326,3,3,송상익, ," 화12:00-12:50(Y8317), 목17:00-18:50(Y8317)", 
[생명과학정보학과],3,0583, 식물생리학,생명326,3,3,송상익, ," 화16:00-17:50(Y8317), 목12:00-12:50(Y8317)", 
[생명과학정보학과],4,0584, 동물생리학,생명420,3,3,이창로, ," 화11:00-11:50(Y8317), 목10:00-11:50(Y8317)", 
[생명과학정보학과],4,0585, 생명정보학,생명423,3,3,김경도, ," 수10:00-10:50(Y8537), 금09:00-10:50(Y8537)", 
[생명과학정보학과],4,0586, 미생물생리학,생명425,3,3,이창로, ," 화15:00-15:50(Y8317), 목15:00-16:50(Y8317)", 
[생명과학정보학과],2,0587, 생명과학특수연구1,생명203,3,3,김경도, , 수17:00-19:50(Y8537), 
[생명과학정보학과],2,0588, 파이썬코딩기초,생명208,3,4,김경도, ," 화13:00-14:50(Y8537), 목12:00-13:50(Y8537)", 
[생명과학정보학과],4,0589, 현대식물생명공학,생명429,3,3,문정환, ," 화09:00-10:50(Y8317), 목09:00-09:50(Y8317)", 
[식품영양학과],2,0550, 식품학,식영201,3,3,최신식, ," 월15:00-16:50(Y23218), 수15:00-15:50(Y23218)", 
[식품영양학과],2,0551, 영양학및실험,식영241,3,4,임은영, , 목09:00-12:50(Y23416), 
[식품영양학과],2,0552, 인체생리학,식영256,3,3,황진아, ," 월11:00-12:50(Y23218), 수11:00-11:50(Y23218)", 
[식품영양학과],2,0553, 실험조리및실습,식영263,3,4,이영미, , 목13:00-16:50(Y23411), 
[식품영양학과],3,0554, 영양생화학,식영268,3,3,황진아, ," 월10:00-10:50(Y23221), 수09:00-10:50(Y23221)", 
[식품영양학과],2,1282, 기초영양학,식영271,3,3,이유진, ," 월13:00-13:50(Y23221), 수13:00-14:50(Y23221)", 
[식품영양학과],3,0555, 식생활관리,식영358,3,3,이영미, ," 월13:00-14:50(Y23218), 수14:00-14:50(Y23218)", 
[식품영양학과],3,0556, 식품영양분석및실험,식영365,3,4,황진아, , 화09:00-12:50(Y23416), 
[식품영양학과],2,0557, 보건사업관리,식영367,3,3,강희진, ," 월10:00-10:50(Y9110), 수09:00-10:50(Y9110)", 
[식품영양학과],3,0558, 영양판정및실습,식영371,3,4,이유진, , 화13:00-16:50(Y23411), 
[식품영양학과],3,0559, 고급영양학,식영373,3,3,임은영, , 목13:00-15:50(Y23218), 
[식품영양학과],3,0560, 식품미생물학,식영376,3,3,최신식, ," 월11:00-11:50(Y23221), 수11:00-12:50(Y23221)", 
[식품영양학과],4,0561, 급식경영학,식영402,3,3,이영미, ," 월10:00-10:50(Y23218), 수09:00-10:50(Y23218)", 
[식품영양학과],4,0562, 지역사회영양학,식영421,3,3,이유진, ," 월14:00-15:50(Y23221), 수15:00-15:50(Y23221)", 
[식품영양학과],4,0563, 식품가공학및실험,식영435,3,4,미배정, , 화09:00-12:50(Y23411), 
[식품영양학과],4,0564, 발효식품학및실습,식영442,3,4,최신식, , 화13:00-16:50(Y23416), 
[식품영양학과],4,0565, 보건통계및컴퓨터,식영522,3,3,강희진, ," 월11:00-12:50(Y9129), 수11:00-11:50(Y9129)", 
[식품영양학과],,0566, 영양사현장실습,식영523,2,2,황진아, , 금09:00-09:50(Y23218), 
[공과대학공통전공],1,1231, 공학입문설계,공과100,3,3,김상귀, , 월14:00-16:50(Y5407), 컴퓨터공학과 학생우선
[공과대학공통전공],1,1232, 공학입문설계,공과100,3,3,김상귀, , 화10:00-12:50(Y5407), 컴퓨터공학과 학생우선
[공과대학공통전공],1,1233, 공학입문설계,공과100,3,3,김병일, , 화13:00-15:50(Y13216), 토목환경공학과 학생우선
[공과대학공통전공],1,1234, 공학입문설계,공과100,3,3,김인태, ," 화10:00-10:50(Y5301), 목10:00-11:50(Y5301)", 교통공학과 학생우선
[공과대학공통전공],1,1248, 공학입문설계,공과100,3,3,박호철, ," 화10:00-10:50(Y5346), 목10:00-11:50(Y5346)", 교통공학과 학생우선
[공과대학공통전공],3,1240, 제어공학,융합110,3,3,손영익, ," 월10:00-11:50(Y19116), 수13:00-13:50(Y19116)"," SEP사업 연계전공(기계, 전자)"
[공과대학공통전공],3,1241, 제어공학,융합110,3,3,손영익, ," 월13:00-13:50(Y19116), 수10:00-13:50(Y19116)"," SEP사업 연계전공(기계, 전자)"
[공과대학공통전공],,1260, 벤처창업과사업성평가,공과113,3,3,장재덕, , 월13:00-15:50(Y5110), 토목공학과 불가
[공과대학공통전공],,1226, 공학도를위한온디맨드(On Demand)경영,공과114,3,3,노정란, , 목10:00-12:50(미배정), 증원불가/토목공학과불가
[공과대학공통전공],,1227, 공학도를위한온디맨드(On Demand)경영,공과114,3,3,노정란, , 목14:00-16:50(미배정), 증원불가/토목공학과불가
[공과대학공통전공],2,1243, 기구학,융합121,3,3,이수진, , 금13:00-15:30(Y201)," SEP사업 연계전공(전기, 전자)"
[공과대학공통전공],,1245, 스마트팩토리,융합122,3,3,박강, , 수09:00-11:50(Y201)," SEP사업 연계전공(전기, 전자)"
[공과대학공통전공],2,1238, 신호및시스템,융합127,3,3,우동민, ," 월10:00-11:50(Y19106), 수13:00-13:50(Y19112)"," SEP사업 연계전공(기계, 전기)"
[공과대학공통전공],4,1246, 스마트자동차,융합133,3,3,김민재, , 화09:00-11:50(Y5243)," SEP사업 연계전공(전기, 전자)"
[공과대학공통전공],4,1283, 스마트자동차,융합133,3,3,김민재, , 목09:00-11:50(Y5243)," SEP사업 연계전공(전기, 전자)"
[공과대학공통전공],4,1224, 융합캡스톤디자인1,융합135,3,3,박강, , ," SEP전공자(전기,전자,기계) 월1700~"
[공과대학공통전공],4,1225, 융합캡스톤디자인2,융합136,3,3,홍상진, , 수17:00-19:50(Y17703), LINC+/일학습병행제학생 전용
[공과대학공통전공],3,1237, 마이크로프로세서응용,융합138,3,3,김정국, ," 화09:00-09:50(Y19109), 목09:00-10:50(Y19109)"," SEP사업 전공자(기계, 전기)"
[공과대학공통전공],4,1235, 머신러닝,융합139,3,3,박동철, ," 월12:00-13:50(Y19603), 수13:00-13:50(Y19603)"," SEP사업 전공자(기계, 전기)C언어능력필수"
[공과대학공통전공],4,1247, 지능형센서및계측공학,융합142,3,3,김도현, , 월10:00-12:50(Y123)," SEP사업 연계전공(전기, 전자)"
[공과대학공통전공],4,1239, IoT,융합143,3,3,김재민, ," 화13:00-14:50(Y19515), 목15:00-15:50(Y19515)"," SEP사업 연계전공(기계, 전기)"
[공과대학공통전공],4,1228, 생산로봇제어실무,공과145,3,3,윤학재, , 토09:00-11:50(Y6215), LINC+/일학습병행제학생 전용
[공과대학공통전공],,1229, 공업교육론,공과800,3,3,고희령, , 금10:00-12:50(Y5110), 교직학생만(일반학생 자유선택학점)
[공과대학공통전공],,1230, 공업논리및논술,공과802,3,3,고희령, , 금14:00-16:50(Y5110), 교직학생만(일반학생 자유선택학점)
[공과대학공통전공],3,1259, 기계요소설계,융합342,3,3,장희석, , 금13:00-15:50(Y247)," SEP사업 연계전공(전기, 전자)"
[공과대학공통전공],2,1242, 기계공학입문,전자225,3,3,김도현, , 목13:00-15:50(미배정), SEP사업 연계전공 (전기)
[기계공학과],1,0874, 기계신입생세미나,기계207,1,1,정상국, , 월16:00-16:50(Y101), 
[기계공학과],1,1256, 기계신입생세미나,기계207,1,1,이규진, , 월16:00-16:50(Y123), 
[기계공학과],1,1257, 기계신입생세미나,기계207,1,1,이택상, , 월16:00-16:50(Y247), 
[기계공학과],2,0875, 열역학,기계224,3,3,최은수, , 화13:00-15:50(Y127), 
[기계공학과],2,0876, 열역학,기계224,3,3,최은수, , 목13:00-15:50(Y127), 
[기계공학과],2,0877, 열역학,기계224,3,3,최은수, , 금13:00-15:50(Y127), 
[기계공학과],2,0878, 기구학,기계231,3,3,이수진, , 월13:00-15:50(Y201), 
[기계공학과],2,0879, 기구학,기계231,3,3,이수진, , 수13:00-15:50(Y201), 
[기계공학과],2,0880, 기구학,기계231,3,3,이수진, , 금13:00-15:50(Y201), 
[기계공학과],2,0881, 기계재료학,기계232,3,3,장동원, , 화09:00-11:50(Y127), 
[기계공학과],2,0882, 기계재료학,기계232,3,3,장동원, , 목09:00-11:50(Y127), 
[기계공학과],2,0883, 전자공학입문,기계239,3,3,한용수, , 수16:00-18:50(Y127), 
[기계공학과],,0884, 스마트팩토리,기계241,3,3,박강, , 수09:00-11:50(Y201), 
[기계공학과],,0885, 기계공학특론,기계243,3,3,김도현, , 금10:00-12:50(Y123), 
[기계공학과],2,0886, CAD,기계244,3,3,박승은, , 월09:00-11:50(Y247), 
[기계공학과],2,0887, CAD,기계244,3,3,박승은, , 수09:00-11:50(Y247), 
[기계공학과],2,0888, CAD,기계244,3,3,박승은, , 금09:00-11:50(Y247), 
[기계공학과],2,0889, 고체역학,기계245,3,3,장동원, , 화13:00-15:50(Y201), 
[기계공학과],2,0890, 고체역학,기계245,3,3,이택상, , 목13:00-15:50(Y201), 
[기계공학과],3,0891, 기계공학실험1,기계314,3,6,최은수, , 수17:00-19:50(미배정), 
[기계공학과],3,1276, 기계공학실험1,기계314,3,6,임인권, , 수17:00-19:50(미배정), 
[기계공학과],3,1277, 기계공학실험1,기계314,3,6,김도현, , 수17:00-19:50(미배정), 
[기계공학과],3,1278, 기계공학실험1,기계314,3,6,정상국, , 수17:00-19:50(미배정), 
[기계공학과],3,1279, 기계공학실험1,기계314,3,6,최동일, , 수17:00-19:50(미배정), 
[기계공학과],3,1280, 기계공학실험1,기계314,3,6,김민재, , 수17:00-19:50(미배정), 
[기계공학과],3,0892, FEM,기계334,3,3,이택상, , 화09:00-11:50(Y247), 
[기계공학과],3,0893, FEM,기계334,3,3,이택상, , 목09:00-11:50(Y247), 
[기계공학과],3,0894, 응용로봇공학,기계345,3,3,박강, , 화13:00-15:50(Y024), 
[기계공학과],3,0895, 열전달,기계346,3,3,임인권, , 월13:00-15:50(Y123), 
[기계공학과],3,0896, 열전달,기계346,3,3,임인권, , 수13:00-15:50(Y123), 
[기계공학과],3,0897, 열전달,기계346,3,3,임인권, , 금13:00-15:50(Y123), 
[기계공학과],3,1258, 기계요소설계,기계347,3,3,장희석, , 금13:00-15:50(Y247), 
[기계공학과],4,0898, 캡스톤디자인1,기계426,3,3,임승철, , 월16:00-18:50(Y201), 
[기계공학과],4,0899, 캡스톤디자인1,기계426,3,3,박강, , 월16:00-18:50(Y127), 
[기계공학과],4,0900, 캡스톤디자인1,기계426,3,3,최은수, , 금16:00-18:50(Y201), 
[기계공학과],4,0901, 캡스톤디자인1,기계426,3,3,정상국, , 금13:00-15:50(Y223), 
[기계공학과],4,0902, 캡스톤디자인2,기계427,3,3,이수진, , 목17:00-19:50(Y247), 
[기계공학과],4,0903, 마이크로메카트로닉스,기계433,3,3,정상국, , 화09:00-11:50(Y201), 
[기계공학과],4,0904, 마이크로메카트로닉스,기계433,3,3,정상국, , 목09:00-11:50(Y201), 
[기계공학과],4,0905, 스마트자동차,기계436,3,3,김민재, , 화09:00-11:50(Y5243), 
[기계공학과],4,0906, 스마트자동차,기계436,3,3,김민재, , 목09:00-11:50(Y5243), 
[기계공학과],4,0907, 창업및제조실무,기계437,3,3,장재덕, , 수13:00-15:50(Y5110), 
[기계공학과],4,0908, 지능형센서및계측공학,기계438,3,3,김도현, , 월10:00-12:50(Y123), 
[기계공학과],3,0909, 기계진동학,기계323,3,3,임승철, , 월13:00-15:50(Y127), 
[기계공학과],3,0910, 기계진동학,기계323,3,3,임승철, , 수13:00-15:50(Y127), 
[기계공학과],3,0911, 유체역학,기계325,3,3,이규진, , 화13:00-15:50(Y123), 
[기계공학과],3,0912, 유체역학,기계325,3,3,이규진, , 목13:00-15:50(Y123), 
[산업경영공학과],2,0850, 생산관리,산업210,3,3,유우연, ," 화10:00-11:50(Y501), 목11:00-11:50(Y501)", 
[산업경영공학과],2,0851, 생산관리,산업210,3,3,유우연, ," 화13:00-14:50(Y501), 목13:00-13:50(Y501)", 
[산업경영공학과],1,0852, 산업경영공학개론,산업213,3,3,한민탁, ," 월16:00-16:50(Y549), 수15:00-16:50(Y549)", 
[산업경영공학과],2,0853, 인간공학및작업관리,산업215,3,3,한민탁, ," 월10:00-11:50(Y527), 수11:00-11:50(Y527)", 
[산업경영공학과],2,0854, 인간공학및작업관리,산업215,3,3,한민탁, ," 월13:00-14:50(Y527), 수13:00-13:50(Y527)", 
[산업경영공학과],4,0855, 정보시스템분석및설계,산업303,3,3,박인범, ," 화13:00-14:50(Y529), 목13:00-13:50(Y529)", 
[산업경영공학과],3,0856, 경영과학I,산업313,3,3,김경민, ," 화10:00-11:50(Y529), 목11:00-11:50(Y529)", 
[산업경영공학과],3,0857, 경영과학I,산업313,3,3,김경민, ," 화13:00-14:50(Y439), 목13:00-13:50(Y439)", 
[산업경영공학과],3,0858, 데이터마이닝,산업316,3,3,김도현, ," 화10:00-11:50(Y527), 목11:00-11:50(Y527)", 
[산업경영공학과],3,0859, 데이터마이닝,산업316,3,3,김도현, ," 화13:00-14:50(Y527), 목13:00-13:50(Y527)", 
[산업경영공학과],3,0860, 마케팅애널리틱스,산업323,3,3,김정수, ," 월13:00-14:50(Y439), 수13:00-13:50(Y439)", 
[산업경영공학과],3,0861, 마케팅애널리틱스,산업323,3,3,김정수, ," 월15:00-16:50(Y439), 수15:00-15:50(Y439)", 
[산업경영공학과],3,0862, 제4차산업혁명기술융합,산업325,3,3,박인범, ," 화15:00-15:50(Y549), 목15:00-16:50(Y549)", 
[산업경영공학과],4,0863, 신뢰성공학,산업405,3,3,김종만, ," 월16:00-16:50(Y527), 수15:00-16:50(Y527)", 
[산업경영공학과],3,0864, 물류관리,산업406,3,3,유우연, ," 월10:00-11:50(Y549), 수11:00-11:50(Y549)", 
[산업경영공학과],3,0865, 물류관리,산업406,3,3,유우연, ," 월13:00-14:50(Y549), 수13:00-13:50(Y549)", 
[산업경영공학과],3,0866, 품질관리,산업419,3,3,김종만, ," 월10:00-11:50(Y529), 수11:00-11:50(Y529)", 
[산업경영공학과],3,0867, 품질관리,산업419,3,3,김종만, ," 월13:00-14:50(Y529), 수13:00-13:50(Y529)", 
[산업경영공학과],4,0868, 프로젝트관리,산업422,3,3,김정수, ," 화10:00-11:50(Y439), 목10:00-10:50(Y439)", 
[산업경영공학과],4,0869, 캡스톤디자인,산업423,3,3,박윤선, , 화16:00-18:50(Y501), 
[산업경영공학과],4,0870, 캡스톤디자인,산업423,3,3,박정선, , 목17:00-19:50(Y501), 
[산업경영공학과],4,0871, 산업경영알고리즘,산업426,3,3,김경민, ," 화15:00-15:50(Y529), 목15:00-16:50(Y529)", 
[산업경영공학과],4,0872, MIS,산업403,3,3,박정선, ," 월10:00-11:50(Y501), 수11:00-11:50(Y501)", 
[산업경영공학과],4,0873, MIS,산업403,3,3,박정선, ," 월13:00-14:50(Y501), 수13:00-13:50(Y501)", 
[컴퓨터공학과],2,0792, 자료구조,컴공209,3,3,한승철, ," 월11:00-11:50(Y5441), 수11:00-12:50(Y5441)", 
[컴퓨터공학과],2,0793, 자료구조,컴공209,3,3,한승철, ," 월13:00-13:50(Y5441), 수13:00-14:50(Y5441)", 
[컴퓨터공학과],2,0794, 자료구조,컴공209,3,3,한승철, ," 월15:00-15:50(Y5441), 수15:00-16:50(Y5441)", 
[컴퓨터공학과],2,0795, 자료구조,컴공209,3,3,김상귀, , 화15:00-17:50(Y5407), 
[컴퓨터공학과],1,0796, C언어프로그래밍,컴공211,4,4,조세형, ," 화13:00-14:50(Y5445), 목13:00-14:50(Y5445)", 
[컴퓨터공학과],1,0797, C언어프로그래밍,컴공211,4,4,조세형, ," 화15:00-16:50(Y5445), 목15:00-16:50(Y5445)", 
[컴퓨터공학과],1,0798, C언어프로그래밍,컴공211,4,4,현상원, ," 월13:00-14:50(Y5445), 수13:00-14:50(Y5445)", 
[컴퓨터공학과],1,0799, C언어프로그래밍,컴공211,4,4,현상원, ," 월15:00-16:50(Y5445), 수15:00-16:50(Y5445)", 
[컴퓨터공학과],2,0800, 객체지향프로그래밍2,컴공214,3,3,이충기, ," 월11:00-11:50(Y5401), 수10:00-11:50(Y5401)", 
[컴퓨터공학과],2,0801, 객체지향프로그래밍2,컴공214,3,3,이충기, ," 월13:00-13:50(Y5401), 수13:00-14:50(Y5401)", 
[컴퓨터공학과],2,0802, 객체지향프로그래밍2,컴공214,3,3,이충기, ," 월15:00-15:50(Y5401), 수15:00-16:50(Y5401)", 
[컴퓨터공학과],2,0803, 객체지향프로그래밍2,컴공214,3,3,조세형, ," 화10:00-10:50(Y5445), 목10:00-11:50(Y5445)", 
[컴퓨터공학과],3,0804, 팀프로젝트2,컴공227,3,3,류연승, , 월17:00-19:50(Y5411), 
[컴퓨터공학과],2,0805, 컴퓨터하드웨어,컴공296,3,3,최동훈, ," 화13:00-13:50(Y5401), 목13:00-14:50(Y5401)", 
[컴퓨터공학과],2,0806, 컴퓨터하드웨어,컴공296,3,3,최동훈, ," 화15:00-16:50(Y5401), 목16:00-16:50(Y5401)", 
[컴퓨터공학과],3,0807, 컴퓨터아키텍쳐,컴공317,3,3,이명호, ," 화13:00-13:50(Y5420), 목13:00-14:50(Y5420)", 
[컴퓨터공학과],3,0808, 컴퓨터아키텍쳐,컴공317,3,3,이명호, ," 화15:00-16:50(Y5420), 목16:00-16:50(Y5420)", 
[컴퓨터공학과],3,0809, 컴퓨터아키텍쳐,컴공317,3,3,이명호, , 수15:00-17:50(Y5420), 
[컴퓨터공학과],3,0810, 데이터베이스,컴공402,3,3,김직수, ," 화13:00-14:50(Y5411), 목13:00-13:50(Y5411)", 
[컴퓨터공학과],3,0811, 데이터베이스,컴공402,3,3,김직수, ," 화15:00-16:50(Y5411), 목15:00-15:50(Y5411)", 
[컴퓨터공학과],3,0812, 데이터베이스,컴공402,3,3,안희철, ," 월13:00-13:50(Y5420), 수13:00-14:50(Y5420)", 
[컴퓨터공학과],3,0813, 운영체제,컴공406,3,3,류연승, ," 월10:00-10:50(Y5411), 수10:00-11:50(Y5411)", 
[컴퓨터공학과],3,0814, 운영체제,컴공406,3,3,류연승, ," 월11:00-11:50(Y5411), 수13:00-14:50(Y5411)", 
[컴퓨터공학과],3,0815, 운영체제,컴공406,3,3,신민호, ," 월11:00-11:50(Y5420), 수10:00-11:50(Y5420)", 
[컴퓨터공학과],3,0816, 컴퓨터네트워크,컴공410,3,3,박현민, ," 월13:00-14:50(Y5437), 수14:00-14:50(Y5437)", 
[컴퓨터공학과],4,0817, 캡스톤디자인1,컴공418,3,3,안희철, , 월17:00-19:50(Y5441), 
[컴퓨터공학과],4,0818, 캡스톤디자인1,컴공418,3,3,조민경, , 목17:00-19:50(Y5441), 
[컴퓨터공학과],3,0819, 소프트웨어공학,컴공447,3,3,장희정, ," 화10:00-11:50(Y5437), 목10:00-10:50(Y5437)", 
[컴퓨터공학과],3,0820, 소프트웨어공학,컴공447,3,3,장희정, ," 화13:00-14:50(Y5437), 목13:00-13:50(Y5437)", 
[컴퓨터공학과],3,0821, 소프트웨어공학,컴공447,3,3,장희정, ," 화15:00-16:50(Y5437), 목15:00-15:50(Y5437)", 
[컴퓨터공학과],4,0822, 4차산업혁명과기업가정신,컴공461,3,3,김상귀, , 월17:00-19:50(Y5407), 
[컴퓨터공학과],4,0823, 블록체인,컴공465,3,3,신민호, , 금10:00-12:50(Y5420), 
[컴퓨터공학과],4,0824, 시스템클라우드보안,컴공473,3,3,조민경, ," 화11:00-11:50(Y5441), 목10:00-11:50(Y5441)", 
[컴퓨터공학과],4,0825, 시스템클라우드보안,컴공473,3,3,조민경, ," 화13:00-13:50(Y5441), 목13:00-14:50(Y5441)", 
[컴퓨터공학과],4,0826, 시스템클라우드보안,컴공473,3,3,현상원, ," 월11:00-11:50(Y5445), 수10:00-11:50(Y5445)", 
[컴퓨터공학과],,0827, 컴퓨터교육론,컴공800,3,3,권영일, , 수09:00-11:50(Y5407), 
[컴퓨터공학과],,0828, 컴퓨터논리및논술,컴공802,3,3,권영일, , 수12:00-14:50(Y5407), 
[토목환경공학과],2,0756, 토목설계기초,토환200,3,3,박만우, , 화13:00-15:50(Y13103), 
[토목환경공학과],2,0757, 구조역학1,토목212,3,3,신동구, ," 월11:00-11:50(Y13312), 수10:00-11:50(Y13312)", 끝자리 홀수학번(A)
[토목환경공학과],2,0758, 구조역학1,토목212,3,3,신동구, ," 월14:00-14:50(Y13312), 수14:00-15:50(Y13312)", 끝자리 짝수학번(B)
[토목환경공학과],2,0759, 유체역학1,토환243,3,3,윤현덕, ," 월11:00-11:50(Y13216), 수10:00-11:50(Y13216)", 끝자리 짝수학번(B)
[토목환경공학과],2,0760, 유체역학1,토환243,3,3,윤현덕, ," 월14:00-14:50(Y13216), 수14:00-15:50(Y13216)", 끝자리 홀수학번(A)
[토목환경공학과],3,0761, 구조역학2,토목311,3,3,김철영, ," 월09:00-10:50(Y13110), 수09:00-09:50(Y13110)", 끝자리 짝수학번(B)
[토목환경공학과],3,0762, 구조역학2,토목311,3,3,김철영, ," 월13:00-14:50(Y13110), 수13:00-13:50(Y13110)", 끝자리 홀수학번(A)
[토목환경공학과],3,0763, 콘크리트및실험,토목333,3,4,이정수, ," 화10:00-11:50(Y13214), 목10:00-11:50(Y13214)", 끝자리 홀수학번(A)
[토목환경공학과],3,0764, 콘크리트및실험,토목333,3,4,이정수, ," 화13:00-14:50(Y13214), 목13:00-14:50(Y13214)", 끝자리 짝수학번(B)
[토목환경공학과],3,0765, 수리학,토환347,3,4,윤병만, ," 화10:00-11:50(Y13110), 목10:00-11:50(Y13110)", 끝자리 짝수학번(B)
[토목환경공학과],3,0766, 수리학,토환347,3,4,윤병만, ," 화13:00-14:50(Y13110), 목13:00-14:50(Y13110)", 끝자리 홀수학번(A)
[토목환경공학과],3,0767, 토질역학2및실험,토환361,3,4,김병일, ," 월10:00-11:50(Y13214), 수10:00-11:50(Y13214)", 끝자리 홀수학번(A)
[토목환경공학과],3,0768, 토질역학2및실험,토환361,3,4,김병일, ," 월14:00-15:50(Y13214), 수14:00-15:50(Y13214)", 끝자리 짝수학번(B)
[토목환경공학과],3,0769, 측량학,토목383,3,3,김창재, ," 월11:00-11:50(Y13110), 수10:00-11:50(Y13110)", 끝자리 짝수학번(B)
[토목환경공학과],3,0770, 측량학,토목383,3,3,김창재, ," 월15:00-15:50(Y13110), 수14:00-15:50(Y13110)", 끝자리 홀수학번(A)
[토목환경공학과],3,0771, 건설관리,토환394,3,3,박만우, , 금09:00-11:50(Y13103), 
[토목환경공학과],4,0772, 상하수도공학,토환445,3,3,김영도, , 월14:00-16:50(Y13103), 
[토목환경공학과],4,0773, 지반구조물설계,토목460,3,3,김영욱, , 목13:00-15:50(Y13216), 
[토목환경공학과],4,0774, 캡스톤디자인1,토환482,3,3,장민우, , 금15:00-17:50(Y13103), 
[토목환경공학과],4,0775, 캡스톤디자인2,토환483,3,3,미배정, , 금15:00-17:50(미배정), 
[토목환경공학과],4,0776, 강구조설계,토환496,3,3,신동구, , 화13:00-15:50(Y13312), 
[교통공학과],2,0777, 교통류이론,교통112,3,3,손영태, ," 화11:00-11:50(Y5301), 목12:00-13:50(Y5301)", 
[교통공학과],2,0778, 도시계획,교통222,3,3,김현명, ," 화14:00-15:50(Y5301), 목15:00-15:50(Y5301)", 
[교통공학과],1,0779, 교통공학개론,교통264,3,3,손영태, ," 월11:00-11:50(Y5346), 수11:00-12:50(Y5346)", 
[교통공학과],3,0780, 도로설계,교통342,2,4,전진표, , 목15:00-18:50(Y5338), 
[교통공학과],3,0781, 교통시설공학,교통343,3,3,금기정, ," 월10:00-10:50(Y5329), 수10:00-11:50(Y5329)", 
[교통공학과],3,0782, 교통계획설계,교통346,2,4,김태균, , 수15:00-16:50(Y5338), 
[교통공학과],3,0783, 교통시설공학설계,교통348,1,2,금기정, ," 월11:00-11:50(Y5329), 수12:00-12:50(Y5329)", 
[교통공학과],3,0784, 교통안전Ⅱ,교통352,3,3,박병정, ," 월13:00-14:50(Y5346), 수14:00-14:50(Y5301)", 
[교통공학과],3,0785, 교통운영관리Ⅰ,교통353,3,3,이의은, ," 화14:00-15:50(Y5346), 목14:00-14:50(Y5346)", 
[교통공학과],3,0786, 도로공학Ⅰ,교통355,3,3,김인태, , 화16:00-18:50(Y5346), 
[교통공학과],3,0787, 교통계획,교통363,3,3,김현명, ," 화11:00-11:50(Y5346), 목11:00-12:50(Y5329)", 
[교통공학과],4,0788, 지능형교통체계(ITS),교통431,3,3,이의은, , 수14:00-16:50(Y5329), 
[교통공학과],4,0789, 교통영향분석및설계,교통436,3,3,금기정, , 화09:00-11:50(Y5329), 
[교통공학과],4,0790, 캡스톤디자인1,교통476,3,3,손영태, , 월15:00-17:50(Y5346), 
[교통공학과],4,0791, 지속가능교통,교통479,3,3,박병정, ," 월11:00-11:50(Y5301), 수11:00-12:50(Y5301)", 
[전기공학과],2,0590, 디지탈논리회로실험,전기207,1,2,장성익, , 월16:00-17:50(Y19319), 
[전기공학과],2,0591, 디지탈논리회로실험,전기207,1,2,장성익, , 화16:00-17:50(Y19319), 
[전기공학과],2,0592, 디지탈논리회로실험,전기207,1,2,장성익, , 수16:00-17:50(Y19319), 
[전기공학과],2,0593, 디지탈논리회로실험,전기207,1,2,장성익, , 목16:00-17:50(Y19319), 
[전기공학과],2,0594, 전기회로실험1,전기211,1,2,미배정, , 목14:00-15:50(Y19319), 
[전기공학과],2,0595, 전기회로실험1,전기211,1,2,김갑일, , 금10:00-11:50(Y19319), 
[전기공학과],2,0596, 전기회로실험1,전기211,1,2,김갑일, , 금13:00-14:50(Y19319), 
[전기공학과],2,0597, 전기회로실험1,전기211,1,2,김갑일, , 금15:00-16:50(Y19319), 
[전기공학과],2,0598, 회로이론1,전기213,3,3,강상희, ," 화14:00-15:50(Y19027), 목13:00-13:50(Y19027)", 
[전기공학과],2,0599, 회로이론1,전기213,3,3,강상희, ," 화10:00-10:50(Y19027), 목10:00-11:50(Y19027)", 
[전기공학과],2,0600, 디지털논리회로,전기216,3,3,남순열, ," 화10:00-10:50(Y19236), 목10:00-11:50(Y19236)", 
[전기공학과],2,0601, 디지털논리회로,전기216,3,3,남순열, ," 화14:00-15:50(Y19236), 목13:00-13:50(Y19236)", 
[전기공학과],3,0602, 전자회로,전기301,3,3,하민우, ," 월15:00-16:50(Y19116), 수14:00-14:50(Y19116)", 
[전기공학과],3,0603, 전자회로,전기301,3,3,하민우, ," 월14:00-14:50(Y19116), 수15:00-16:50(Y19116)", 
[전기공학과],3,0604, 전기기기1,전기311,3,3,이일운, ," 월14:00-14:50(Y19127), 수15:00-16:50(Y19127)", 
[전기공학과],3,0605, 전기기기1,전기311,3,3,이일운, ," 월15:00-16:50(Y19127), 수14:00-14:50(Y19127)", 
[전기공학과],3,0606, 전력시스템공학,전기313,3,3,최면송, ," 화14:00-15:50(Y19127), 목13:00-13:50(Y19127)", 
[전기공학과],3,0607, 전력시스템공학,전기313,3,3,최면송, ," 화10:00-10:50(Y19127), 목10:00-11:50(Y19127)", 
[전기공학과],3,0608, 전력전자공학,전기323,3,3,이준영, ," 월13:00-13:50(Y19127), 수10:00-11:50(Y19127)", 
[전기공학과],3,0609, 전력전자공학,전기323,3,3,이준영, ," 월10:00-11:50(Y19127), 수13:00-13:50(Y19127)", 
[전기공학과],3,0610, 제어공학,전기330,3,3,손영익, ," 월10:00-11:50(Y19116), 수13:00-13:50(Y19116)", 
[전기공학과],3,0611, 제어공학,전기330,3,3,손영익, ," 월13:00-13:50(Y19116), 수10:00-11:50(Y19116)", 
[전기공학과],3,0612, 반도체물성,전기337,3,3,하민우, ," 화10:00-10:50(Y19116), 목10:00-11:50(Y19116)", 
[전기공학과],3,0613, 반도체물성,전기337,3,3,하민우, ," 화14:00-15:50(Y19116), 목13:00-13:50(Y19116)", 
[전기공학과],3,1251, 기계요소설계,융합342,3,3,미배정, , , 
[전기공학과],4,0614, 전기설비,전기413,3,3,최면송, ," 월13:00-13:50(Y19236), 수10:00-11:50(Y19236)", 
[전기공학과],4,0615, 반도체설계,전기419,3,3,이웅규, ," 화16:00-17:50(Y19221), 목14:00-14:50(Y19221)", 
[전기공학과],4,0616, 제어시스템설계,전기423,3,3,이범주, ," 화14:00-15:50(Y19315), 목13:00-13:50(Y19315)", 
[전기공학과],4,0617, 배전자동화,전기431,3,3,미배정, ," 월16:00-16:50(Y19221), 수15:00-16:50(Y19221)", 
[전기공학과],4,0618, 캡스톤디자인1,전기434,3,3,남순열, , 목15:00-17:50(Y19313), 
[전기공학과],4,0619, 캡스톤디자인1,전기434,3,3,이준영, , 목15:00-17:50(Y19236), 
[전기공학과],4,0620, 캡스톤디자인1,전기434,3,3,손영익, , 목15:00-17:50(Y19315), 
[전기공학과],4,0621, 캡스톤디자인1,전기434,3,3,이웅규, , 목15:00-17:50(Y19221), 
[전기공학과],4,0622, 캡스톤디자인2,전기436,3,3,이범주, , 금13:00-15:50(Y19205), 
[전기공학과],4,0623, 전력변환기응용,전기511,3,3,이일운, ," 화10:00-10:50(Y19315), 목10:00-11:50(Y19315)", 
[화학공학과],2,0707, 화공양론1,화공123,3,3,김명수, ," 월15:00-15:50(Y301), 수13:00-14:50(Y301)", 
[화학공학과],2,0708, 화공양론1,화공123,3,3,김명수, ," 월13:00-14:50(Y351), 수15:00-15:50(Y351)", 
[화학공학과],1,0709, 화학공학개론,화공201,2,2,우종표, , 월10:00-11:50(Y425)," A반/3,4학년"
[화학공학과],1,0710, 화학공학개론,화공201,2,2,우종표, , 화13:00-14:50(Y351)," B반/1,2학년"
[화학공학과],2,0711, 화학공학기초실험1,화공226,2,4,나현빈, , 화09:00-12:50(Y336), 
[화학공학과],2,0712, 화학공학기초실험1,화공226,2,4,이주형, , 화13:00-16:50(Y336), 
[화학공학과],2,0713, 화학공학기초실험1,화공226,2,4,최달수, , 목09:00-12:50(Y336), 
[화학공학과],3,0714, 화공인공지능활용,화공237,2,2,신동일, , 수10:00-12:50(Y429), 
[화학공학과],3,0715, 고분자공학,화공334,3,3,최달수, ," 화13:00-14:50(Y301), 목13:00-13:50(Y301)", 
[화학공학과],3,0716, 고분자공학,화공334,3,3,최달수, ," 화15:00-15:50(Y351), 목14:00-15:50(Y351)", 
[화학공학과],3,0717, 무기및재료화학,화공341,3,3,나현빈, ," 월15:00-15:50(Y425), 수13:00-14:50(Y425)", 
[화학공학과],3,0718, 무기및재료화학,화공341,3,3,나현빈, ," 월13:00-14:50(Y425), 수15:00-15:50(Y425)", 
[화학공학과],4,0719, 화학공학실험2,화공366,2,4,정지철, , 월09:00-12:50(Y339), 
[화학공학과],4,0720, 화학공학실험2,화공366,2,4,우종표, , 수09:00-12:50(Y339), 
[화학공학과],4,0721, 화학공학실험2,화공366,2,4,이효찬, , 수13:00-16:50(Y339), 
[화학공학과],4,0722, 에너지안전공학,화공435,3,3,이형섭, ," 화13:00-14:50(Y425), 목13:00-13:50(Y425)", 
[화학공학과],4,0723, 화공세미나,화공436,1,1,이현호, , 목16:00-16:50(Y301), 
[화학공학과],4,0724, 분리공정,화공437,3,3,이주형, ," 화09:00-10:50(Y425), 목11:00-11:50(Y425)", 
[화학공학과],4,0725, 분리공정,화공437,3,3,이주형, ," 화11:00-11:50(Y425), 목09:00-10:50(Y425)", 
[화학공학과],4,0726, 제품및공정설계,화공457,3,3,신동일, ," 화15:00-15:50(Y425), 목14:00-15:50(Y425)", 
[화학공학과],4,0727, 캡스톤디자인1,화공469,3,3,이현호, , 화17:00-19:50(Y311), 
[화학공학과],4,0728, 캡스톤디자인1,화공469,3,3,신동일, , 화17:00-19:50(Y301), 
[화학공학과],4,0729, 캡스톤디자인1,화공469,3,3,나현빈, , 화17:00-19:50(Y351), 
[화학공학과],4,0730, 캡스톤디자인2,화공470,3,3,이현호, , 목17:00-19:50(Y347), 
[화학공학과],2,0731, 물리화학,화공293,3,3,이효찬, ," 월11:00-11:50(Y301), 수09:00-10:50(Y301)", 
[화학공학과],2,0732, 물리화학,화공293,3,3,이효찬, ," 월09:00-10:50(Y351), 수11:00-11:50(Y351)", 
[화학공학과],2,0733, 유기화학,화공295,3,3,이현호, ," 월13:00-14:50(Y301), 수15:00-15:50(Y301)", 
[화학공학과],2,0734, 유기화학,화공295,3,3,이현호, ," 월15:00-15:50(Y351), 수13:00-14:50(Y351)", 
[화학공학과],3,0735, 공정유체역학,화공305,3,3,우종표, ," 화09:00-10:50(Y301), 목11:00-11:50(Y301)", 
[화학공학과],3,0736, 공정유체역학,화공305,3,3,우종표, ," 화11:00-11:50(Y351), 목09:00-10:50(Y351)", 
[화학공학과],3,0737, 화학반응공학,화공360,3,3,정지철, ," 화11:00-11:50(Y301), 목09:00-10:50(Y301)", 
[화학공학과],3,0738, 화학반응공학,화공360,3,3,정지철, ," 화09:00-10:50(Y351), 목11:00-11:50(Y351)", 
[전자공학과],2,0624, 회로이론,전자101,3,3,김정국, ," 월09:00-09:50(Y19112), 수10:00-11:50(Y19109)", 
[전자공학과],2,0625, 회로이론,전자101,3,3,박종대, ," 월09:00-09:50(Y19605), 수10:00-11:50(Y19605)", 
[전자공학과],2,0626, 회로이론,전자101,3,3,김정국, ," 월10:00-11:50(Y19112), 수09:00-09:50(Y19109)", 
[전자공학과],2,1261, 회로이론,전자101,3,3,박종대, ," 월10:00-11:50(Y19605), 수09:00-09:50(Y19605)", 
[전자공학과],3,0627, 신호및시스템,전자209,3,3,우동민, ," 월10:00-11:50(Y19106), 수13:00-13:50(Y19112)", 
[전자공학과],3,0628, 신호및시스템,전자209,3,3,박상윤, ," 월10:00-11:50(Y19515), 수13:00-13:50(Y19109)", 
[전자공학과],3,0629, 신호및시스템,전자209,3,3,우동민, ," 월15:00-16:50(Y19112), 수14:00-14:50(Y19112)", 
[전자공학과],3,0630, 신호및시스템,전자209,3,3,박동철, ," 월15:00-16:50(Y19515), 수14:00-14:50(Y19515)", 
[전자공학과],2,0631, 고급C언어,전자219,2,2,최우영, , 월10:00-11:50(Y19603), 
[전자공학과],2,0632, 고급C언어,전자219,2,2,최우영, , 수10:00-11:50(Y19112), 
[전자공학과],2,0633, 고급C언어,전자219,2,2,최우영, , 금13:00-14:50(Y19112), 
[전자공학과],2,0634, 기계공학입문,전자225,3,3,김도현, , 목13:00-15:50(Y19109), 
[전자공학과],2,0635, 전기자기학,전자226,3,3,서동선, ," 화15:00-16:50(Y19106), 목09:00-09:50(Y19605)", 
[전자공학과],2,0636, 전기자기학,전자226,3,3,원용욱, ," 화15:00-16:50(Y19605), 목09:00-09:50(Y19122)", 
[전자공학과],2,0637, 전기자기학,전자226,3,3,서동선, ," 화14:00-14:50(Y19106), 목10:00-11:50(Y19605)", 
[전자공학과],2,0638, 전기자기학,전자226,3,3,원용욱, ," 화14:00-14:50(Y19605), 목10:00-11:50(Y19122)", 
[전자공학과],3,0639, 전자회로실험,전자307,1,2,한용수, , 화15:00-16:50(Y19615), 
[전자공학과],3,0640, 마이크로프로세서응용,전자320,3,3,김정국, ," 화09:00-09:50(Y19109), 목09:00-10:50(Y19109)", 
[전자공학과],3,0641, 마이크로프로세서응용,전자320,3,3,오영철, ," 화09:00-09:50(Y19605), 목09:00-10:50(Y19106)", 
[전자공학과],3,0642, 마이크로프로세서응용,전자320,3,3,김정국, ," 화10:00-10:50(Y19109), 목15:00-16:50(Y19112)", 
[전자공학과],3,0643, 마이크로프로세서응용,전자320,3,3,오영철, ," 화10:00-10:50(Y19605), 목15:00-16:50(Y19106)", 
[전자공학과],2,0644, 컴퓨터구조,전자321,3,3,변하영, ," 월13:00-14:50(Y19605), 수14:00-14:50(Y19122)", 
[전자공학과],2,0645, 컴퓨터구조,전자321,3,3,변하영, ," 월15:00-16:50(Y19605), 수13:00-13:50(Y19515)", 
[전자공학과],2,0646, 컴퓨터구조,전자321,3,3,김재민, ," 월15:00-16:50(Y19106), 수13:00-13:50(Y19122)", 
[전자공학과],3,0647, 반도체소자,전자327,3,3,김가람, ," 월13:00-13:50(Y19112), 수10:00-11:50(Y19515)", 
[전자공학과],3,0648, 반도체소자,전자327,3,3,김가람, ," 월14:00-14:50(Y19112), 수16:00-17:50(Y19605)", 
[전자공학과],3,0649, 컴퓨터그래픽스,전자331,3,3,최우영, ," 화09:00-09:50(Y19112), 목09:00-10:50(Y19112)", 
[전자공학과],3,0650, 컴퓨터그래픽스,전자331,3,3,최우영, ," 화10:00-10:50(Y19112), 목11:00-12:50(Y19112)", 
[전자공학과],4,0651, 디지털통신,전자422,3,3,박재현, ," 월14:00-14:50(Y19106), 수15:00-16:50(Y19106)", 
[전자공학과],4,0652, 시스템온칩,전자431,3,3,박상윤, ," 화09:00-10:50(Y19515), 목12:00-12:50(Y19605)", 
[전자공학과],4,0653, IoT,전자432,3,3,김재민, ," 화13:00-14:50(Y19515), 목15:00-15:50(Y19515)", IPP학생 수강강좌
[전자공학과],4,0654, IoT,전자432,3,3,김재민, ," 화17:00-18:50(Y19515), 목11:00-11:50(Y19515)", 
[전자공학과],4,0655, 머신러닝,전자433,3,3,박동철, ," 월12:00-13:50(Y19603), 수13:00-13:50(Y19603)", 
[전자공학과],4,0656, 반도체패키징,전자435,3,3,홍상진, ," 월15:00-15:50(Y19109), 수09:00-10:50(Y19106)", 일학습병행제&LINC
[전자공학과],4,0657, 반도체패키징,전자435,3,3,홍상진, ," 월10:00-11:50(Y19109), 수14:00-14:50(Y19106)", 전자공학과 전용
[전자공학과],4,0658, 반도체장비실습,전자437,3,3,하태민, , 금15:00-17:50(Y19022), 일학습병행제&LINC
[전자공학과],4,0659, 캡스톤디자인1,전자499,3,3,우동민, , 월17:00-19:50(Y19605), 
[전자공학과],4,0660, 캡스톤디자인1,전자499,3,3,김가람, , 목17:00-19:50(Y19112), 
[전자공학과],4,0661, 캡스톤디자인1,전자499,3,3,한용수, , 월17:00-19:50(Y19603), 
[전자공학과],4,0662, 캡스톤디자인1,전자499,3,3,박동철, , 월17:00-19:50(Y19515), 
[전자공학과],4,0663, 캡스톤디자인2,전자500,3,3,미배정, , , 
[전자공학과],1,0664, 디지털논리회로,전자203,3,3,박상윤, ," 화13:00-14:50(Y19112), 목13:00-13:50(Y19605)", 
[전자공학과],1,0665, 디지털논리회로,전자203,3,3,오영철, ," 화13:00-14:50(Y19109), 목13:00-13:50(Y19112)", 
[전자공학과],1,0666, 디지털논리회로,전자203,3,3,박상윤, ," 화15:00-15:50(Y19112), 수14:00-15:50(Y19605)", 
[전자공학과],1,0667, 디지털논리회로,전자203,3,3,오영철, ," 화15:00-15:50(Y19109), 수14:00-15:50(Y19109)", 
[전자공학과],3,0668, 전자회로,전자301,3,3,김가람, ," 월10:00-11:50(Y19122), 수12:00-12:50(Y19605)", 
[전자공학과],3,0669, 전자회로,전자301,3,3,한용수, ," 월10:00-11:50(Y19024), 수13:00-13:50(Y19024)", 
[전자공학과],3,0670, 전자회로,전자301,3,3,한용수, ," 월15:00-16:50(Y19122), 수10:00-10:50(Y19122)", 
[전자공학과],3,0671, 마이크로파공학,전자318,3,3,박종대, ," 화13:00-14:50(Y19603), 목15:00-15:50(Y19605)", 
[전자공학과],3,1262, 마이크로파공학,전자318,3,3,박종대, ," 화15:00-16:50(Y19603), 목14:00-14:50(Y19605)", 
[환경에너지공학과],2,0755, 물질및에너지수지,환경220,3,3,김민중, ," 화14:00-15:50(Y8301), 목14:00-14:50(Y8301)", 
[환경에너지공학과],4,0829, 환경빅데이터,환경368,3,3,송효종, ," 화11:00-11:50(Y9101), 목10:00-11:50(Y9101)", 
[환경에너지공학과],2,0830, 환경화학,환경203,3,3,정범석, ," 월13:00-14:50(Y8301), 수14:00-14:50(Y8301)", 
[환경에너지공학과],2,0831, 환경미생물학,환경205,3,3,오영숙, ," 월15:00-16:50(Y8301), 수15:00-15:50(Y8301)", 
[환경에너지공학과],2,0832, 환경미생물학실험,환경206,2,4,장덕진, , 화09:00-12:50(Y8621), 
[환경에너지공학과],2,0833, 환경미생물학실험,환경206,2,4,오영숙, , 수09:00-12:50(Y8621), 
[환경에너지공학과],2,0834, 환경미생물학실험,환경206,2,4,오영숙, , 목09:00-12:50(Y8621), 
[환경에너지공학과],1,0835, 환경에너지공학개론,환경220,2,2,이기세, , 화15:00-16:50(Y8345), 
[환경에너지공학과],3,0836, 생물학적폐수처리,환경302,3,3,안대희, ," 화09:00-10:50(Y8345), 목09:00-09:50(Y8345)", 
[환경에너지공학과],3,0837, 수처리실험,환경304,2,4,김한승, , 월13:00-16:50(Y8613), 
[환경에너지공학과],3,0838, 수처리실험,환경304,2,4,안대희, , 수13:00-16:50(Y8613), 
[환경에너지공학과],3,0839, 수처리실험,환경304,2,4,김한승, , 목15:00-18:50(Y8613), 
[환경에너지공학과],3,0840, 대기오염제어공학,환경307,3,3,김민중, ," 월09:00-10:50(Y8345), 수09:00-09:50(Y8345)", 
[환경에너지공학과],3,0841, 폐기물에너지공학,환경311,3,3,장덕진, ," 화13:00-13:50(Y8345), 목13:00-14:50(Y8345)", 
[환경에너지공학과],3,0842, 환경사물인터넷,환경329,3,3,김민중, ," 월11:00-11:50(Y8345), 수10:00-11:50(Y8345)", 
[환경에너지공학과],4,0843, 환경영향평가,환경403,3,3,미배정, ," 월11:00-11:50(Y8301), 수10:00-11:50(Y8301)", 
[환경에너지공학과],4,0844, 환경반응공학,환경411,3,3,장덕진, ," 월09:00-10:50(Y8301), 수09:00-09:50(Y8301)", 
[환경에너지공학과],4,0845, 신재생에너지공학,환경412,3,3,정범석, ," 화09:00-10:50(Y8301), 목09:00-09:50(Y8301)", 
[환경에너지공학과],4,0846, 캡스톤디자인1,환경417,3,3,이기세, , 수16:00-18:50(Y8345), 
[환경에너지공학과],4,0847, 캡스톤디자인1,환경417,3,3,장덕진, , 수16:00-18:50(Y8617), 
[환경에너지공학과],4,0848, 캡스톤디자인1,환경417,3,3,송효종, , 수16:00-18:50(Y8621), 
[환경에너지공학과],4,0849, 캡스톤디자인2,환경418,3,3,안대희, , 금09:00-11:50(Y8301), 
[신소재공학과],2,0739, 세라믹재료개론,소재124,3,3,조성용, ," 화15:00-15:50(Y23723), 목13:00-14:50(Y23721)", 
[신소재공학과],1,0740, 신소재공학입문,소재144,2,2,신찬선, , 수15:00-16:50(Y23721), 
[신소재공학과],3,0741, 반도체공정,소재224,3,3,조성용, ," 월13:00-13:50(Y23723), 수13:00-14:50(Y23721)", 
[신소재공학과],2,0742, 신소재실험1,소재225,2,4,임연수, , 월17:00-20:50(Y23721), 
[신소재공학과],2,1205, 신소재실험1,소재225,2,4,박종성, , 월17:00-20:50(Y23723), 
[신소재공학과],2,0743, 재료과학및공학1,소재227,3,3,박성, ," 수10:00-11:50(Y23721), 목11:00-11:50(Y23723)", 
[신소재공학과],2,0744, 금속재료개론,소재234,3,3,신찬선, ," 화10:00-11:50(Y23723), 목10:00-10:50(Y23723)", 
[신소재공학과],3,0745, 컴퓨터재료모델링,소재321,3,3,신찬선, , 목14:00-16:50(Y23723), 
[신소재공학과],3,0746, 신소재실험3,소재342,2,4,조성용, , 화17:00-20:50(Y23721), 
[신소재공학과],3,0747, 전자세라믹스,소재351,3,3,박종성, ," 화13:00-14:50(Y23723), 목13:00-13:50(Y23723)", 
[신소재공학과],3,0748, 세라믹구조재료,소재352,3,3,임연수, ," 화10:00-11:50(Y23721), 목10:00-10:50(Y23721)", 
[신소재공학과],3,0749, 상평형론,소재353,3,3,조성용, ," 목11:00-11:50(Y23721), 금10:00-11:50(Y23721)", 
[신소재공학과],4,0750, 기능성소재,소재419,3,3,윤태광, ," 월13:00-13:50(Y23721), 수10:00-11:50(Y23723)", 
[신소재공학과],4,0751, 결정학개론,소재431,3,3,박성, ," 월10:00-11:50(Y23721), 수13:00-13:50(Y23723)", 
[신소재공학과],4,0752, 캡스톤디자인1,소재436,3,4,임연수, , 목17:00-20:50(Y23721), 
[신소재공학과],4,1206, 캡스톤디자인1,소재436,3,4,박종성, , 목17:00-20:50(Y23723), 
[신소재공학과],4,1207, 캡스톤디자인1,소재436,3,4,조성용, , 목17:00-20:50(Y23718), 
[신소재공학과],4,0753, 연료전지배터리재료,소재442,3,3,박종성, ," 월16:00-16:50(Y23723), 수15:00-16:50(Y23723)", 
[신소재공학과],4,0754, 금속소재공정,소재443,3,3,신찬선, ," 월14:00-15:55(Y23723), 수14:00-14:50(Y23723)", 
[바둑학과],1,0943, 바둑학개론,바둑132,3,3,김진환, , 화09:00-11:50(Y2266), 
[바둑학과],1,0944, 사활과수읽기,바둑219,3,3,미배정, , 금10:00-12:50(Y2259), 
[바둑학과],2,0945, 바둑교육론,바둑228,3,3,김진환, , 수09:00-11:50(Y2266), 
[바둑학과],,0946, 해외바둑문화,바둑231,3,3,다니엘라트링스, , 수14:00-16:50(Y2235), 
[바둑학과],1,0947, 포석과정석,바둑315,3,3,미배정, , 금14:00-16:50(Y2259), 
[바둑학과],3,0948, 바둑사회학,바둑324,3,3,남치형, , 월14:00-16:50(Y2266), 
[바둑학과],3,0949, 바둑지도실습,바둑349,3,3,다니엘라트링스, , 금13:00-15:50(Y2235), 
[바둑학과],3,0950, 바둑영어1,바둑353,3,3,다니엘라트링스, , 화14:00-16:50(Y2235), 
[바둑학과],3,0951, 바둑사1,바둑355,3,3,남치형, , 화14:00-16:50(Y2266), 
[바둑학과],3,0952, 인공지능과바둑,바둑363,3,3,남치형, , 목14:00-16:50(Y2266), 
[바둑학과],3,0953, 바둑중국어1,바둑365,3,3,장효인, ," 월12:00-13:50(Y2235), 수13:00-13:50(Y2235)", 
[바둑학과],4,0954, 바둑평가론,바둑435,3,3,김진환, , 목09:00-11:50(Y2266), 
[바둑학과],4,0955, 바둑미디어론,바둑443,3,3,김미라, , 월09:00-11:50(Y2259), 
[바둑학과],,0956, 바둑전문실기1,바둑502,3,3,정수현, , 목14:00-16:50(Y2259), 
[디자인학부],2,0913, 영상개론,영상220,3,3,미배정, , 목14:00-16:50(Y12351), 
[디자인학부],1,1071, 드로잉,디자207,3,3,홍주혜, , 금10:00-12:50(Y12228), 
[디자인학부],1,1072, 드로잉,디자207,3,3,윤경희, , 금10:00-12:50(Y12226), 
[디자인학부],1,1073, 드로잉,디자207,3,3,조태형, , 월14:00-16:50(Y12243), 
[디자인학부],1,1074, 드로잉,디자207,3,3,한정림, , 화14:00-16:50(Y12255), 
[디자인학부],1,1075, 드로잉,디자207,3,3,김지은, , 목09:00-11:50(Y12245), 
[디자인학부],2,1076, 한국의조형,디자208,3,3,신실라, , 수14:00-16:50(Y12351), 
[디자인학부],1,1077, 디지털디자인,디자211,3,3,윤두희, , 수13:00-15:50(Y12237), 
[디자인학부],1,1078, 디지털디자인,디자211,3,3,김지헌, , 금10:00-12:50(Y12134), 
[디자인학부],2,1079, 디자인컨셉,산자213,3,3,이성훈, , 화14:00-16:50(Y12232), 
[디자인학부],,1080, 조형교육론,디자800,3,3,신실라, , 수10:00-12:50(Y12351), 
[디자인학부],1,1081, 시각디자인의원리1,시각241,3,3,오동우, , 월14:00-16:50(Y12228), 
[디자인학부],2,1082, 이미지와표현1,시각344,3,3,최재은, , 목10:00-12:50(Y12226), 
[디자인학부],2,1083, 이미지와표현1,시각344,3,3,윤경희, , 목10:00-12:50(Y12228), 
[디자인학부],2,1084, 타이포그라피1,시각346,3,3,김승태, , 화10:00-12:50(Y12237), 
[디자인학부],2,1085, 모션디자인1,시각359,3,3,미배정, , 수10:00-12:50(Y12237), 
[디자인학부],3,1086, 일러스트레이션1,시각437,3,3,최재은, , 수10:00-12:50(Y12345), 
[디자인학부],3,1087, 패키지그래픽스,시각448,3,3,김승태, , 월14:00-16:50(Y12237), 
[디자인학부],3,1088, 인터랙션디자인1,시각449,3,3,오동우, , 목10:00-12:50(Y12345), 
[디자인학부],4,1089, 시니어프로젝트1,시각542,3,3,최재은, , 월14:00-16:50(Y12239), 
[디자인학부],4,1090, BX디자인1,시각555,3,3,김승태, , 화14:00-16:50(Y12239), 
[디자인학부],4,1091, UX디자인1,시각556,3,3,오동우, , 목14:00-16:50(Y12239), 
[디자인학부],1,1092, 제품디자인기초1,산자266,3,3,최종운, , 화14:00-16:50(Y12243), 
[디자인학부],2,1093, 디자인워크숍,산자289,3,3,김지헌, , 월14:00-16:50(Y12232), 
[디자인학부],2,1094, 헬스메디컬디자인,산자290,3,3,최종운, , 수10:00-12:50(Y12232), 
[디자인학부],3,1095, 어드밴스드디자인,산자351,3,3,이성훈, , 월14:00-16:50(Y12230), 
[디자인학부],3,1096, 프로덕트디자인,산자379,3,3,최종운, , 목10:00-12:50(Y12230), 
[디자인학부],3,1097, PUI,산자381,3,3,김지헌, , 수14:00-16:50(Y12230), 
[디자인학부],4,1098, 졸업연구,디자474,1,1,최재은, , 월13:00-13:50(Y12239), 
[디자인학부],4,1099, 졸업연구,디자474,1,1,서동애, , 목16:00-16:50(Y12347), 
[디자인학부],4,1100, 시스템디자인1,산자559,3,3,최종운, , 월10:00-12:50(Y12241), 
[디자인학부],4,1101, 시스템디자인1,산자559,3,3,최종운, , 월14:00-16:50(Y12241), 
[디자인학부],4,1102, 융합디자인1,산자560,3,3,이성훈, , 목10:00-12:50(Y12241), 
[디자인학부],4,1103, 융합디자인1,산자560,3,3,이성훈, , 목14:00-16:50(Y12241), 
[디자인학부],1,1104, 영상디자인기초1,영상215,3,3,김형규, , 월14:00-16:50(Y12355), 
[디자인학부],1,1105, 타이포그래피디자인,영상216,3,3,최현호, , 수14:00-16:50(Y12355), 
[디자인학부],2,1106, 모션디자인1,영상221,3,3,김형규, , 수14:00-16:50(Y12253), 
[디자인학부],,1107, 스토리텔링과기획,영상294,3,3,미배정, , 월10:00-12:50(Y12353), 
[디자인학부],2,1108, 3Dgraphics,영상295,3,3,유형준, , 화10:00-12:50(Y12355), 
[디자인학부],3,1109, 3D캐릭터애니메이션,영상357,3,3,유형준, , 금14:00-16:50(Y12253), 
[디자인학부],3,1110, 인포그래픽디자인,영상396,3,3,임경훈, , 수14:00-16:50(Y12353), 
[디자인학부],3,1111, 영상컨텐츠디자인1,영상485,3,3,김종환, , 목14:00-16:50(Y12253), 
[디자인학부],4,1112, 영상졸업연구1,영상553,1,1,김형규, , 월18:00-18:50(Y12255), 
[디자인학부],4,1113, 포트폴리오,영상555,2,2,김형규, , 월19:00-20:50(Y12255), 
[디자인학부],4,1114, 영상컨텐츠디자인3,영상585,3,3,김종환, , 수14:00-16:50(Y12255), 
[디자인학부],4,1115, 엔터테인먼트디자인프로젝트,영상593,3,3,유형준, , 금10:00-12:50(Y12233), 
[디자인학부],4,1116, 멀티미디어디자인프로젝트1,영상596,3,3,임경훈, , 목10:00-12:50(Y12233), 
[디자인학부],1,1117, 기초의상디자인,패션200,3,3,이민선, , 화14:00-16:50(Y12245), 
[디자인학부],2,1118, 패션마케팅,패션207,3,3,전양진, , 수13:00-15:50(Y12349), 
[디자인학부],2,1119, 패션디자인1,패션209,3,3,이민선, , 월13:00-15:50(Y12245), 
[디자인학부],2,1120, 드레이핑1,패션215,3,3,정다운, , 수09:00-11:50(Y12249), 
[디자인학부],1,1121, 패션히스토리,패션220,3,3,전양진, , 목13:00-15:50(Y12349), 
[디자인학부],1,1122, 플랫패턴1,패션225,3,3,오설영, , 금10:00-12:50(Y12249), 
[디자인학부],3,1123, 패션소비자행동,패션318,3,3,장세윤, , 목10:00-12:50(Y12349), 
[디자인학부],3,1124, 어패럴디자인,패션324,3,3,김지은, , 목14:00-16:50(Y12245), 
[디자인학부],3,1125, 테일러링,패션325,3,3,오설영, , 금14:00-16:50(Y12249), 
[디자인학부],4,1126, 패션디자인컬렉션2,패션415,3,3,이민선, , 목09:00-11:50(Y12249), 
[디자인학부],4,1127, 테크니컬디자인2,패션420,3,3,서동애, , 목13:00-15:50(Y12249), 
[디자인학부],4,1128, 크리에이티브디자인2,패션421,3,3,서동애, , 화09:00-11:50(Y12247), 
[디자인학부],4,1129, 마켓리서치,패션422,3,3,전양진, , 월13:00-15:50(Y12347), 
[스포츠학부],1,0914, 전문실기1,체학201,2,2,박장근, , 화15:00-16:50(Y6404), 
[스포츠학부],1,0915, 전문실기1,체학201,2,2,박태섭, , 화15:00-16:50(Y6119), 
[스포츠학부],1,0916, 전문실기1,체학201,2,2,노갑택, , 화15:00-16:50(Y6106), 
[스포츠학부],1,0917, 전문실기1,체학201,2,2,이동준, , 화15:00-16:50(Y6302), 
[스포츠학부],1,0918, 전문실기1,체학201,2,2,김태진, , 화15:00-16:50(Y7100), 
[스포츠학부],1,0919, 전문실기1,체학201,2,2,김소희, , 화15:00-16:50(Y6402), 
[스포츠학부],2,0920, 스포츠심리,체학211,3,3,최진영, , 화09:00-11:50(Y6304), 
[스포츠학부],2,0921, 국제스포츠이벤트,체학232,3,3,박장근, , 목14:00-16:50(Y6404), 
[스포츠학부],2,0922, 축구1,체학233,2,2,김경래, , 수09:00-10:50(Y6302), 
[스포츠학부],1,0923, 건강교육학개론,체학236,3,3,이동준, ," 수13:00-14:50(Y6302), 목14:00-14:50(Y6302)", 
[스포츠학부],1,0924, 퍼스널트레이닝,체학239,2,2,전병오, , 화11:00-12:50(Y6302), 
[스포츠학부],2,0925, 전문실기3,체학281,2,2,박장근, , 화15:00-16:50(Y6404), 
[스포츠학부],2,1208, 전문실기3,체학281,2,2,박태섭, , 화15:00-16:50(Y6119), 
[스포츠학부],2,1209, 전문실기3,체학281,2,2,노갑택, , 화15:00-16:50(Y6106), 
[스포츠학부],2,1210, 전문실기3,체학281,2,2,이동준, , 화15:00-16:50(Y6302), 
[스포츠학부],2,1211, 전문실기3,체학281,2,2,김태진, , 화15:00-16:50(Y7100), 
[스포츠학부],2,1212, 전문실기3,체학281,2,2,김소희, , 화15:00-16:50(Y6402), 
[스포츠학부],3,1250, 스포츠기록분석,체학314,3,3,김주학, ," 월11:00-11:50(Y6304), 수11:00-12:50(Y6304)", 
[스포츠학부],3,0926, 뉴스포츠1,체학315,2,2,권상현, , 월13:00-14:50(Y6308), 
[스포츠학부],3,0927, 스포츠사회학,체학317,3,3,박장근, , 월12:00-14:50(Y6402), 
[스포츠학부],4,0928, 생존수영,체학403,2,2,미배정, , 토11:00-12:50(Y6119), 
[스포츠학부],4,0929, 생존수영,체학403,2,2,미배정, , 토13:00-14:50(Y6119), 
[스포츠학부],1,0930, 산악훈련,체육310,1,1,이동준, , 금13:00-13:50(Y6106), 
[스포츠학부],3,0931, 전문실기5,체육325,2,2,박장근, , 화15:00-16:50(Y6404), 
[스포츠학부],3,1213, 전문실기5,체육325,2,2,박태섭, , 화15:00-16:50(Y6119), 
[스포츠학부],3,1214, 전문실기5,체육325,2,2,노갑택, , 화15:00-16:50(Y6106), 
[스포츠학부],3,1215, 전문실기5,체육325,2,2,이동준, , 화15:00-16:50(Y6302), 
[스포츠학부],3,1216, 전문실기5,체육325,2,2,김태진, , 화15:00-16:50(Y7100), 
[스포츠학부],3,1217, 전문실기5,체육325,2,2,김소희, , 화15:00-16:50(Y6402), 
[스포츠학부],3,0932, 운동해부기능학,체육337,3,3,전병오, , 목10:00-12:50(Y6302), 
[스포츠학부],3,0933, 동작치료1,체학350,2,2,고성희, , 월15:00-16:50(Y6119), 
[스포츠학부],4,0934, 배구1,체육409,2,2,류중탁, , 화09:00-10:50(Y7100), 
[스포츠학부],4,0935, 전문실기7,체육411,2,2,박장근, , 화15:00-16:50(Y6404), 
[스포츠학부],4,1218, 전문실기7,체육411,2,2,박태섭, , 화15:00-16:50(Y6119), 
[스포츠학부],4,1219, 전문실기7,체육411,2,2,노갑택, , 화15:00-16:50(Y6106), 
[스포츠학부],4,1220, 전문실기7,체육411,2,2,이동준, , 화15:00-16:50(Y6302), 
[스포츠학부],4,1221, 전문실기7,체육411,2,2,김태진, , 화15:00-16:50(Y7100), 
[스포츠학부],4,1222, 전문실기7,체육411,2,2,김소희, , 화15:00-16:50(Y6402), 
[스포츠학부],4,1249, 빙상1,체육424,2,2,고성희, , 목11:00-12:50(Y6119), 
[스포츠학부],4,0936, 동작데이터분석,체육437,3,3,김창영, ," 월15:00-16:50(Y6404), 수16:00-16:50(Y6404)", 
[스포츠학부],,0937, 체육교육론,체육800,2,2,미배정, , 목15:00-16:50(Y6304), 
[스포츠학부],,0938, 체육교재연구및지도법,체육801,2,2,장경호, , 수13:00-14:50(Y6402), 
[스포츠학부],3,0939, 스포츠카운셀링,사체337,3,3,장경호, , 수10:00-12:50(Y6402), 
[스포츠학부],2,0940, 스포츠경영학개론,체학372,3,3,김상유, ," 화14:00-14:50(Y6119), 수15:00-16:50(Y6119)", 
[스포츠학부],4,0941, 스포츠마사지,스산401,2,2,김창영, , 목10:00-11:50(Y6404), 
[스포츠학부],4,0942, 스포츠크리닉,사체451,3,3,박태섭, , 금10:00-12:50(Y6119), 
[예술학부 피아노전공],1,0958, 전공실기1(피아노),피아201,3,3,홍은경, , 수15:00-15:50(Y22217), 예술(음악)학부 피아노전공 전용
[예술학부 피아노전공],1,0959, 전공실기2(피아노),피아202,3,3,홍은경, , 수01:00-01:50(Y22217), 예술(음악)학부 피아노전공 전용
[예술학부 피아노전공],2,0960, 전공실기3(피아노),피아203,3,3,홍은경, , 수16:00-16:50(Y22217), 예술(음악)학부 피아노전공 전용
[예술학부 피아노전공],2,0961, 전공실기4(피아노),피아204,3,3,홍은경, , 수02:00-02:50(Y22217), 예술(음악)학부 피아노전공 전용
[예술학부 피아노전공],1,0962, 반주법1,피아225,2,2,미배정, , , 
[예술학부 피아노전공],1,0963, 서양음악사1(피아노),피아226,2,2,정혜윤, , 화10:00-11:50(Y2342), 
[예술학부 피아노전공],2,0964, 화성법및건반화성3,피아244,2,2,조경아, , 월12:00-13:50(Y2337), 
[예술학부 피아노전공],1,0965, 시창.청음1(피아노),피아255,2,2,권유희, , 수09:00-10:50(Y2342), 
[예술학부 피아노전공],1,0966, 화성법및건반화성1(피아노),피아258,2,2,조경아, , 월10:00-11:50(Y2337), 
[예술학부 피아노전공],3,0967, 피아노문헌연구1,피아317,3,3,김희정, , 화10:00-12:50(Y22103), 
[예술학부 피아노전공],3,0968, 전공실기5(피아노),피아401,3,3,홍은경, , 수03:00-03:50(Y22217), 예술(음악)학부 피아노전공 전용
[예술학부 피아노전공],3,0969, 전공실기6(피아노),피아402,3,3,홍은경, , 수04:00-04:50(Y22217), 예술(음악)학부 피아노전공 전용
[예술학부 피아노전공],4,0970, 전공실기7(피아노),피아403,3,3,홍은경, , 수05:00-05:50(Y22217), 예술(음악)학부 피아노전공 전용
[예술학부 피아노전공],4,0971, 전공실기8(피아노),피아404,3,3,홍은경, , 수06:00-06:50(Y22217), 예술(음악)학부 피아노전공 전용
[예술학부 피아노전공],4,0972, 피아노교수법연구,피아423,3,3,미배정, , , 
[예술학부 피아노전공],4,0973, 현대피아노음악,피아424,2,2,권유희, , 수11:00-12:50(Y2342), 
[예술학부 피아노전공],3,0988, 음악분석1,피아331,2,2,권유희, , 수13:00-14:50(Y2342), 
[예술학부 성악전공],2,0957, 화성법1,성악208,2,2,강종희, , 월11:00-12:50(Y22103), 
[예술학부 성악전공],1,0974, 이태리어딕션1,성악141,1,1,심종민, , 목13:00-13:50(Y2339), 
[예술학부 성악전공],1,0975, 전공실기1(성악),성악201,3,3,유미숙, , 수15:00-15:50(Y22217), 예술(음악)학부 성악전공 전용
[예술학부 성악전공],1,0976, 전공실기2(성악),성악202,3,3,유미숙, , 수01:00-01:50(Y22217), 예술(음악)학부 성악전공 전용
[예술학부 성악전공],2,0977, 전공실기3(성악),성악203,3,3,유미숙, , 수16:00-16:50(Y22217), 예술(음악)학부 성악전공 전용
[예술학부 성악전공],2,0978, 전공실기4(성악),성악204,3,3,유미숙, , 수02:00-02:50(Y22217), 예술(음악)학부 성악전공 전용
[예술학부 성악전공],1,0979, 전공합창1,성악250,1,2,김호성, , 수13:00-14:50(Y3120), 
[예술학부 성악전공],2,0980, 전공합창3,성악252,1,2,김호성, , 수13:00-14:50(Y3120), 
[예술학부 성악전공],1,0981, 음악통론,성악253,2,2,이해미, , 금09:00-10:50(Y2339), 
[예술학부 성악전공],1,0982, 시창.청음1(성악),성악255,2,2,김은경, , 목09:00-10:50(Y2339), 
[예술학부 성악전공],1,0983, 서양음악사1(성악),성악257,2,2,정혜윤, , 화13:00-14:50(Y2342), 
[예술학부 성악전공],2,0984, 미디어음악컨텐츠캡스톤디자인,성악259,2,2,미배정, , 금11:00-12:50(Y2339), 
[예술학부 성악전공],2,0985, 독어딕션1,성악261,1,1,이한수, , 화16:00-16:50(Y2339), 
[예술학부 성악전공],3,0986, 불어딕션,성악329,1,1,박선정, , 월13:00-13:50(Y2339), 
[예술학부 성악전공],3,0987, 콘서트콰이어5,성악330,1,2,김호성, , 수13:00-14:50(Y3120), 
[예술학부 성악전공],3,0989, 전공실기5(성악),성악401,3,3,유미숙, , 수03:00-03:50(Y22217), 예술(음악)학부 성악전공 전용
[예술학부 성악전공],3,0990, 전공실기6(성악),성악402,3,3,유미숙, , 수04:00-04:50(Y22217), 예술(음악)학부 성악전공 전용
[예술학부 성악전공],4,0991, 전공실기7(성악),성악403,3,3,유미숙, , 수05:00-05:50(Y22217), 예술(음악)학부 성악전공 전용
[예술학부 성악전공],4,0992, 오페라클래스1,성악447,2,2,미배정, , 금13:00-14:50(Y2342), 
[예술학부 성악전공],4,0993, 영어딕션및문헌,성악450,2,2,양지영, , 화10:00-11:50(Y2339), 
[예술학부 성악전공],3,0994, 한국가곡연구,성악454,2,2,유미숙, , 목15:00-16:50(Y2339), 
[예술학부 성악전공],4,0995, 예술경영,성악455,2,2,미배정, , 월09:00-10:50(Y2339), 
[예술학부 성악전공],4,0996, 전공실기8(성악-리사이틀캡스톤디자인),성악457,3,3,유미숙, , 수06:00-06:50(Y22217), 예술(음악)학부 성악전공 전용
[예술학부 영화전공],1,1047, 영상기초워크샵1,영화102,3,3,미배정, , 월14:00-16:50(Y2237), 
[예술학부 영화전공],1,1048, 영상기초워크샵1,영화102,3,3,도성희, , 화10:00-12:50(Y2241), 외국인학생전용
[예술학부 영화전공],1,1049, 영상기초워크샵1,영화102,3,3,정승구, , 수14:00-16:50(Y2237), 
[예술학부 영화전공],,1050, 프러덕션디자인,영화204,3,3,정승구, , 수10:00-12:50(Y2237), 
[예술학부 영화전공],1,1051, 세계영화사,영화210,3,3,황규덕, , 월14:00-16:50(미배정), 
[예술학부 영화전공],,1052, 영화비평의이해,영화222,3,3,정지연, , 화14:00-16:50(미배정), 
[예술학부 영화전공],2,1053, 촬영조명워크샵1,영화231,3,4,임재수, , 화10:00-12:50(Y2245), 
[예술학부 영화전공],2,1054, 촬영조명워크샵1,영화231,3,4,임재수, , 화14:00-16:50(Y2245), 
[예술학부 영화전공],,1055, 사운드기초,영화249,3,3,임나윤, , 목10:00-12:50(Y2243), 
[예술학부 영화전공],,1056, 사운드기초,영화249,3,3,임나윤, , 금10:00-12:50(Y2243), 
[예술학부 영화전공],,1057, 포스트프로덕션워크샵,영화251,3,3,미배정, , 월10:00-12:50(Y2237), 
[예술학부 영화전공],2,1058, 영화제작워크샵1,영화253,3,3,황규덕, , 목10:00-12:50(미배정), 
[예술학부 영화전공],2,1059, 영화제작워크샵1,영화253,3,3,황규덕, , 금10:00-12:50(미배정), 
[예술학부 영화전공],2,1060, 영화제작워크샵1,영화253,3,3,도성희, , 화14:00-16:50(Y2241), 외국인학생전용
[예술학부 영화전공],3,1061, 현대영화의경향,영화320,3,3,김영진, , 수14:00-16:50(Y2256), 
[예술학부 영화전공],3,1062, 할리우드영화연구,영화321,3,3,표민수, , 목10:00-12:50(Y2237), 
[예술학부 영화전공],3,1063, 영화제작프로젝트1(캡스톤디자인),영화326,3,3,박동현, , 화10:00-12:50(Y2256), 
[예술학부 영화전공],3,1064, 영화제작프로젝트1(캡스톤디자인),영화326,3,3,박동현, , 화14:00-16:50(Y2256), 
[예술학부 영화전공],3,1065, 영화제작프로젝트1(캡스톤디자인),영화326,3,3,도성희, , 수10:00-12:50(Y2241), 외국인학생전용
[예술학부 영화전공],4,1066, 졸업프로젝트1(캡스톤디자인),영화422,3,3,김영진, , 목14:00-16:50(Y2256), 
[예술학부 영화전공],4,1067, 졸업프로젝트1(캡스톤디자인),영화422,3,3,박동현, , 금14:00-16:50(Y2256), 
[예술학부 영화전공],4,1068, 졸업프로젝트1(캡스톤디자인),영화422,3,3,도성희, , 수14:00-16:50(Y2241), 외국인학생전용
[예술학부 영화전공],,1069, 영화기획워크샵,영화501,3,3,표민수, , 금10:00-12:50(Y2237), 
[예술학부 영화전공],4,1070, 영화교육론,영화803,3,3,이상용, , 월10:00-12:50(미배정), 
[예술학부 뮤지컬공연전공],1,1015, 뮤지컬개론,뮤지204,3,3,정경성, , 수14:00-16:50(Y2143), 
[예술학부 뮤지컬공연전공],1,1016, 기초연기1,뮤지208,2,4,차태호, , 월14:00-17:50(Y12222), 
[예술학부 뮤지컬공연전공],1,1017, 기초연기1,뮤지208,2,4,차태호, , 금13:00-16:50(Y12222), 
[예술학부 뮤지컬공연전공],1,1018, 기초연기1,뮤지208,2,4,미배정, , 금13:00-16:50(Y2155), 외국인학생 전용강좌
[예술학부 뮤지컬공연전공],2,1019, 클래식발레,뮤지232,2,4,조은지, , 화13:00-16:50(Y2145), 
[예술학부 뮤지컬공연전공],2,1020, 클래식발레,뮤지232,2,4,조은지, , 목09:00-12:50(Y2145), 
[예술학부 뮤지컬공연전공],2,1021, 서구뮤지컬레파토리1,뮤지233,3,6,이창완, , 월09:00-14:50(Y2115), 
[예술학부 뮤지컬공연전공],2,1022, 서구뮤지컬레파토리1,뮤지233,3,6,박하은, , 월09:00-14:50(Y2154), 
[예술학부 뮤지컬공연전공],2,1023, 서구뮤지컬레파토리1,뮤지233,3,6,하연주, , 월09:00-14:50(Y2171), 
[예술학부 뮤지컬공연전공],2,1024, 희곡강독,뮤지255,2,4,이효정, , 수13:00-16:50(Y2119), 
[예술학부 뮤지컬공연전공],2,1025, 희곡강독,뮤지255,2,4,미배정, , 수13:00-16:50(Y2145), 
[예술학부 뮤지컬공연전공],2,1026, 중급연기1,뮤지256,2,4,신서진, , 목15:00-18:50(Y2119), 
[예술학부 뮤지컬공연전공],2,1027, 중급연기1,뮤지256,2,4,최서은, , 목15:00-18:50(Y2115), 
[예술학부 뮤지컬공연전공],1,1028, 시창1,뮤지261,2,4,민활난, , 월09:00-12:50(미배정), 
[예술학부 뮤지컬공연전공],1,1029, 시창1,뮤지261,2,4,오민영, , 월09:00-12:50(미배정), 
[예술학부 뮤지컬공연전공],1,1030, 시창1,뮤지261,2,4,구민경, , 월09:00-12:50(미배정), 
[예술학부 뮤지컬공연전공],2,1031, 무대기술1,뮤지263,2,4,남우철, , 수09:00-12:50(Y2143), 
[예술학부 뮤지컬공연전공],3,1032, 한국뮤지컬레파토리1,뮤지328,3,6,최은지, , 수09:00-14:50(Y2115), 
[예술학부 뮤지컬공연전공],3,1033, 한국뮤지컬레파토리1,뮤지328,3,6,박정희, , 수09:00-14:50(Y2171), 
[예술학부 뮤지컬공연전공],3,1034, 한국뮤지컬레파토리1,뮤지328,3,6,미배정, , 수09:00-14:50(Y2154), 
[예술학부 뮤지컬공연전공],3,1035, 종합뮤지컬제작실습1,뮤지330,4,8,남우철, ," 화17:00-20:50(Y2145), 목17:00-20:50(Y2145)", 
[예술학부 뮤지컬공연전공],3,1036, 종합뮤지컬제작실습1,뮤지330,4,8,하연주, ," 수17:00-20:50(Y2145), 금17:00-20:50(Y2145)", 
[예술학부 뮤지컬공연전공],3,1037, 한국무용,뮤지334,2,4,조은지, , 목13:00-16:50(Y2145), 
[예술학부 뮤지컬공연전공],3,1038, 한국무용,뮤지334,2,4,미배정, , 목09:00-12:50(Y2119), 외국인학생 전용강좌
[예술학부 뮤지컬공연전공],4,1039, 합창1,뮤지414,2,4,최은지, , 금09:00-12:50(Y2155), 
[예술학부 뮤지컬공연전공],4,1040, 합창1,뮤지414,2,4,박정희, , 금09:00-12:50(Y2119), 
[예술학부 뮤지컬공연전공],4,1041, 뮤지컬댄스1,뮤지425,2,4,김종우, , 수11:00-14:50(Y2155), 
[예술학부 뮤지컬공연전공],4,1042, 예술경영1,뮤지426,3,3,송경옥, , 화13:00-15:50(Y2143), 
[예술학부 뮤지컬공연전공],4,1043, 오디션 1,뮤지427,2,4,이태원, , 월09:00-12:50(Y2155), 
[예술학부 뮤지컬공연전공],4,1044, 오디션 1,뮤지427,2,4,이태원, , 월13:00-17:50(Y2155), 
[예술학부 뮤지컬공연전공],4,1045, 종합뮤지컬제작실습3,뮤지431,4,8,최일규, ," 화17:00-20:50(Y2119), 목17:00-20:50(Y2119)", 
[예술학부 뮤지컬공연전공],4,1046, 종합뮤지컬제작실습3,뮤지431,4,8,최일규, ," 수17:00-20:50(Y2119), 금17:00-20:50(Y2119)", 
[예술학부 아트앤멀티미디어작곡전공],1,0997, 전공실기1(조성음악기초작곡),작곡103,3,3,김시형, , 수15:00-15:50(Y22217), 예술(음악)학부 아트앤멀티미디어작곡전공 전용
[예술학부 아트앤멀티미디어작곡전공],1,0998, 전공실기2(미디작곡),작곡104,3,3,김시형, , 수01:00-01:50(Y22217),  아트앤멀티미디어작곡(작곡)전공 전용
[예술학부 아트앤멀티미디어작곡전공],1,0999, 화성법및건반화성1(아트앤멀티미디어작곡),작곡105,2,2,박윤경, , 화14:00-15:50(Y2337), 
[예술학부 아트앤멀티미디어작곡전공],1,1000, 음악이론및시창.청음(아트앤멀티미디어작곡),작곡106,2,2,정혜윤, , 월10:00-11:50(Y2342), 
[예술학부 아트앤멀티미디어작곡전공],1,1001, 작곡소프트웨어연구,작곡260,2,2,김시형, , 금15:00-16:50(Y22107), 
[예술학부 아트앤멀티미디어작곡전공],2,1002, 고급화성,작곡268,2,2,박용빈, , 수11:00-12:50(Y22107), 
[예술학부 아트앤멀티미디어작곡전공],2,1003, 대위법1,작곡275,2,2,이복남, , 목11:00-12:50(Y2337), 
[예술학부 아트앤멀티미디어작곡전공],2,1004, 음악분석,작곡277,2,2,김시형, , 월15:00-16:50(Y22107), 
[예술학부 아트앤멀티미디어작곡전공],2,1005, 전공실기3(영상음악기초작곡),작곡282,3,3,김시형, , 수16:00-16:50(Y22217), 아트앤멀티미디어작곡(작곡)전공 전용
[예술학부 아트앤멀티미디어작곡전공],2,1006, 전공실기4(조성음악심화작곡),작곡283,3,3,김시형, , 수02:00-02:50(Y22217), 아트앤멀티미디어작곡(작곡)전공 전용
[예술학부 아트앤멀티미디어작곡전공],3,1007, 앙상블편곡법,작곡311,2,2,석승희, , 화13:00-14:50(Y22107), 
[예술학부 아트앤멀티미디어작곡전공],3,1008, 현대음악분석,작곡378,2,2,이복남, , 수13:00-14:50(Y2337), 
[예술학부 아트앤멀티미디어작곡전공],3,1009, 합창편곡법,작곡384,2,2,강소정, , 월11:00-12:50(Y2339), 
[예술학부 아트앤멀티미디어작곡전공],3,1010, 전공실기5(성악및보컬음악작곡),작곡385,3,3,김시형, , 수03:00-03:50(Y22217), 아트앤멀티미디어작곡(작곡)전공 전용
[예술학부 아트앤멀티미디어작곡전공],,1011, 전공실기6(현대음악작곡),작곡386,3,3,김시형, , 수04:00-04:50(Y22217), 아트앤멀티미디어작곡(작곡)전공 전용
[예술학부 아트앤멀티미디어작곡전공],4,1012, 오디오편집(믹싱앤마스터링),작곡405,2,2,장대훈, , 수13:00-14:50(Y22107), 
[예술학부 아트앤멀티미디어작곡전공],4,1013, 멀티미디어음악,작곡435,2,2,이태현, , 화10:00-11:50(Y22107), 
[예술학부 아트앤멀티미디어작곡전공],4,1014, 전공실기7(오케스트라작곡),작곡437,3,3,김시형, , 수05:00-05:50(Y22217), 아트앤멀티미디어작곡(작곡)전공 전용
[건축대학],4,1204, 건축법규,건축141,3,3,이재인, , 화09:00-11:50(Y12320), 
[건축대학],2,1202, 건축구조의이해,건축155,3,3,김영민, , 수09:00-11:50(Y12122), 
[건축대학],2,1203, 건축구조의이해,건축155,3,3,김영민, , 수15:00-17:50(Y12122), 
[건축대학],1,1201, 건축설계와조형1,건축223,4,8,이종우, ," 목18:00-18:50(Y20101), 금10:00-11:50(Y20101), 금13:00-17:50(Y20101)", 
[건축학부],2,1130, 대지조성계획,건축114,3,3,서무현, , 금15:00-17:50(Y12220), 
[건축학부],4,1131, 건축설계6,건축119,5,10,김남훈, ," 월14:00-18:50(Y20401), 목16:00-20:50(Y20401)", 
[건축학부],4,1132, 건축설계6,건축119,5,10,최종원, ," 월14:00-18:50(미배정), 목16:00-20:50(미배정)", 
[건축학부],4,1133, 건축설계6,건축119,5,10,조준호, ," 월14:00-18:50(미배정), 목16:00-20:50(미배정)", 
[건축학부],2,1134, 건축과문화,건축122,3,3,강범준, , 화09:00-11:50(Y12220), 
[건축학부],4,1135, 현대건축론,건축123,3,3,김란수, , 금12:00-14:50(Y12320), 
[건축학부],2,1137, 건축CAD,건축146,3,6,이상현, , 수09:00-14:50(Y12120-1), 
[건축학부],2,1138, 건축CAD,건축146,3,6,미배정, , 금09:00-14:50(Y12120-1), 
[건축학부],3,1139, 도시주거환경계획,건축154,3,3,박인석, ," 월13:00-13:50(Y12320), 목12:00-13:50(Y12320)", 
[건축학부],3,1142, 건축구조시스템,건축156,3,3,김영민, , 화09:00-11:50(Y12122), 
[건축학부],3,1143, 건축재료및구법,건축210,3,3,이윤섭, , 화12:00-14:50(Y12220), 
[건축학부],2,1144, 건축설계1,건축211,5,10,이재인, ," 월14:00-18:50(Y20204), 목16:00-20:50(Y20204)", 
[건축학부],2,1145, 건축설계1,건축211,5,10,이명주, ," 월14:00-18:50(미배정), 목16:00-20:50(미배정)", 
[건축학부],2,1146, 건축설계1,건축211,5,10,이상현, ," 월14:00-18:50(미배정), 목16:00-20:50(미배정)", 
[건축학부],2,1147, 건축설계1,건축211,5,10,현상훈, ," 월14:00-18:50(미배정), 목16:00-20:50(미배정)", 
[건축학부],2,1148, 건축설계1,건축211,5,10,박봉준, ," 월14:00-18:50(미배정), 목16:00-20:50(미배정)", 
[건축학부],2,1149, 건축설계1,건축211,5,10,미배정, ," 월14:00-18:50(미배정), 목16:00-20:50(미배정)", 
[건축학부],3,1151, 환경시스템1,건축310,3,3,이지환, , 금09:00-11:50(Y12122), 
[건축학부],3,1152, 환경시스템1,건축310,3,3,이지환, , 금14:00-16:50(Y12122), 
[건축학부],4,1153, 건축시공,건축312,3,3,강승희, , 화12:00-14:50(Y12320), 
[건축학부],3,1154, 건축설계3,건축314,5,10,이준석, ," 월14:00-18:50(Y20301), 목16:00-20:50(Y20301)", 
[건축학부],3,1155, 건축설계3,건축314,5,10,백소훈, ," 월14:00-18:50(미배정), 목16:00-20:50(미배정)", 
[건축학부],3,1156, 건축설계3,건축314,5,10,이종환, ," 월14:00-18:50(미배정), 목19:00-23:50(미배정)", 
[건축학부],3,1157, 건축설계3,건축314,5,10,시희주, ," 월14:00-18:50(미배정), 목16:00-20:50(미배정)", 
[건축학부],3,1158, 건축설계3,건축314,5,10,신은호, ," 월14:00-18:50(미배정), 목16:00-20:50(미배정)", 
[건축학부],4,1160, 건축설계5,건축412,5,10,김정수, ," 월14:00-18:50(미배정), 목16:00-20:50(미배정)", 
[건축학부],4,1161, 건축설계5,건축412,5,10,유근록, ," 월14:00-18:50(미배정), 목16:00-20:50(미배정)", 
[건축학부],4,1162, 건축설계5,건축412,5,10,임도균, ," 월14:00-20:50(미배정), 토13:00-15:50(미배정)", 
[건축학부],5,1163, 건축설계7,건축414,5,10,이재인, ," 월19:00-23:50(Y20501-2), 수18:00-22:50(Y20501-2)", 
[건축학부],5,1164, 건축설계7,건축414,5,10,김정수, ," 월19:00-23:50(미배정), 수18:00-22:50(미배정)", 
[건축학부],5,1165, 건축설계7,건축414,5,10,전진영, ," 월13:00-16:50(Y20501-2), 수16:00-21:50(미배정)", 
[건축학부],5,1166, 건축설계7,건축414,5,10,전진영, ," 월18:00-21:50(미배정), 목16:00-21:50(Y20501-2)", 
[건축학부],5,1167, 건축설계7,건축414,5,10,옥태범, ," 월14:00-18:50(미배정), 목16:00-20:50(미배정)", 
[건축학부],5,1168, 건축설계7,건축414,5,10,한지만, ," 월14:00-18:50(미배정), 목16:00-20:50(미배정)", 
[건축학부],5,1169, 전공심화세미나3,건축416,1,1,이준석, , 목21:00-21:50(Y12320), 
[건축학부],4,1170, 건축설계실무와창업,건축417,3,3,옥태범, , 수09:00-11:50(Y12320), 
[건축학부 건축학전공],,1171, 건축기획,건학228,3,3,박정연, , 목09:00-11:50(Y12220), 
[건축학부 건축학전공],,1172, 도시공간계획론,건학229,3,3,강범준, , 목10:00-12:50(Y12122), 
[건축학부 건축학전공],3,1173, 건축시각표현,건학231,3,3,이준석, , 수15:00-17:50(Y12320)," 건축설계3,5,6 수강자 외 학생은 수강 불가"
[건축학부 건축학전공],3,1174, 근현대건축사,건학233,3,3,이종우, , 화15:00-17:50(Y12320), 
[건축학부 건축학전공],3,1175, 근현대건축사,건학233,3,3,이종우, , 수12:00-14:50(Y12320), 
[건축학부 건축학전공],,1176, 건축분석,건학235,3,3,강범준, , 금09:00-11:50(Y12320), 
[건축학부 건축학전공],,1177, 건축구조계획,건학247,3,3,김영민, , 화15:00-17:50(Y12122), 
[건축학부 건축학전공],4,1178, 실내환경평가,건학401,3,3,이지환, , 화15:00-17:50(Y12120-1), 
[건축학부 전통건축전공],2,1179, 한옥실습,전건240,3,3,백소훈, , 금09:00-11:50(미배정), 
[건축학부 전통건축전공],,1180, 동양목조건축사,전건248,3,3,백소훈, , 수09:00-11:50(Y12220), 
[건축학부 전통건축전공],3,1181, 목구조,전건253,3,3,오규성, , 금10:00-12:50(Y12220), 
[건축학부 전통건축전공],,1182, 한국건축유형사,전건254,3,3,한지만, , 화12:00-14:50(Y12122), 
[건축학부 전통건축전공],5,1183, 건축문화유산론,전건256,3,3,백소훈, , 수15:00-17:50(Y12220), 
[건축학부 공간디자인전공],2,1184, 공간디자인1,공간201,5,10,양지윤, ," 월14:00-18:50(Y12102), 목14:01-18:50(Y12102)", 
[건축학부 공간디자인전공],2,1185, 컴퓨터그래픽스,공간202,3,3,미배정, , 금12:00-14:50(Y12105), 
[건축학부 공간디자인전공],2,1186, 색채와재료,공간203,3,3,오상은, , 화14:00-16:50(Y12102), 
[건축학부 공간디자인전공],2,1187, 공간디자인사,공간205,3,3,박소람, , 수10:00-12:50(Y12102), 
[건축학부 공간디자인전공],3,1188, 공간디자인3,공간301,5,10,문소현, ," 월14:00-18:50(Y12111), 목14:00-18:50(Y12111)", 
[건축학부 공간디자인전공],3,1189, 공간조형,공간304,3,3,최원석, , 화10:00-12:50(Y12111), 
[건축학부 공간디자인전공],3,1190, 공간디자인방법론,공간307,3,3,양지윤, , 수10:00-12:50(Y12113), 
[건축학부 공간디자인전공],4,1191, 공간디자인5,공간401,5,10,채민규, ," 월14:00-18:50(Y12113), 목14:00-18:50(Y12113)", 
[건축학부 공간디자인전공],4,1192, 경관디자인론,공간402,3,3,이숙진, , 수14:00-16:50(Y12111), 
[건축학부 공간디자인전공],4,1193, 공간디자인실무,공간403,3,3,전정계, , 금14:00-16:50(Y12111), 
[건축학부 공간디자인전공],5,1194, 공간디자인7,공간501,5,10,오상은, ," 월14:00-18:50(Y12109), 목14:00-18:50(Y12109)", 
[정보통신공학과],1,0672, 파이썬,정통101,3,3,김성철, ," 월15:00-16:50(Y5637), 수15:00-15:50(Y5637)", 
[정보통신공학과],1,0673, 파이썬,정통101,3,3,배종우, ," 월14:00-14:50(Y5534), 수13:00-14:50(Y5534)", 
[정보통신공학과],1,0674, 파이썬,정통101,3,3,배종우, ," 월15:00-16:50(Y5534), 수15:00-15:50(Y5534)", 
[정보통신공학과],2,0675, 회로이론,정통249,3,3,신서용, ," 월14:00-14:50(Y5434), 수13:00-14:50(Y5434)", 
[정보통신공학과],2,0676, 회로이론,정통249,3,3,강환일, , 화16:00-18:50(Y5434), 
[정보통신공학과],2,0677, 디지털논리회로,정통250,3,3,신서용, ," 월09:00-09:50(Y5434), 수09:00-10:50(Y5434)", 
[정보통신공학과],2,0678, 디지털논리회로,정통250,3,3,신서용, ," 월10:00-11:50(Y5434), 수11:00-11:50(Y5434)", 
[정보통신공학과],2,0679, 고급C언어,정통279,3,3,박현희, ," 화10:00-11:50(Y5637), 목11:00-11:50(Y5637)", 
[정보통신공학과],2,0680, 고급C언어,정통279,3,3,박현희, ," 화13:00-13:50(Y5637), 목13:00-14:50(Y5637)", 
[정보통신공학과],2,0681, 고급C언어,정통279,3,3,박현희, ," 화14:00-15:50(Y5637), 목15:00-15:50(Y5637)", 
[정보통신공학과],2,0682, 데이터통신,정통280,3,3,한승수, ," 월14:00-14:50(Y5428), 수13:00-14:50(Y5428)", 
[정보통신공학과],2,0683, 데이터통신,정통280,3,3,한승수, ," 월15:00-16:50(Y5428), 수15:00-15:50(Y5428)", 
[정보통신공학과],3,0684, 정보보안,정통311,3,3,염대현, ," 화09:00-09:50(Y5425), 목09:00-10:50(Y5425)", 
[정보통신공학과],3,0685, 정보보안,정통311,3,3,염대현, ," 화10:00-11:50(Y5425), 목11:00-11:50(Y5425)", 
[정보통신공학과],3,0686, 기계학습,정통316,3,3,강진규, ," 월09:00-09:50(Y5534), 수09:00-10:50(Y5534)", 
[정보통신공학과],3,0687, 기계학습,정통316,3,3,강진규, ," 월10:00-11:50(Y5534), 수11:00-11:50(Y5534)", 
[정보통신공학과],3,0688, 신호및시스템,정통349,3,3,한승수, ," 월09:00-09:50(Y5428), 수09:00-10:50(Y5428)", 
[정보통신공학과],3,0689, 신호및시스템,정통349,3,3,한승수, ," 월10:00-11:50(Y5428), 수11:00-11:50(Y5428)", 
[정보통신공학과],4,0690, 모바일프로그래밍,정통350,3,3,김성철, ," 월09:00-09:50(Y5637), 수09:00-10:50(Y5637)", 추후 IPP 학생 33명 수기입력 예정
[정보통신공학과],4,0691, 모바일프로그래밍,정통350,3,3,김성철, ," 월10:00-11:50(Y5637), 수11:00-11:50(Y5637)", 
[정보통신공학과],3,0692, 통신이론,정통376,3,3,황유모, ," 화14:00-15:50(Y5428), 목15:00-15:50(Y5428)", 
[정보통신공학과],3,0693, 확률및랜덤프로세스,정통390,3,3,김인택, ," 월14:00-14:50(Y5637), 수13:00-14:50(Y5637)", 
[정보통신공학과],3,0694, 확률및랜덤프로세스,정통390,3,3,유철우, ," 월15:00-16:50(Y5425), 수15:00-15:50(Y5425)", 
[정보통신공학과],3,0695, 임베디드시스템,정통405,3,3,배종우, ," 화14:00-15:50(Y5534), 목15:00-15:50(Y5534)", 
[정보통신공학과],4,0696, 데이터베이스,정통413,3,3,정재희, ," 화10:00-11:50(Y5434), 목11:00-11:50(Y5534)", 추후 IPP 학생 33명 수기입력 예정
[정보통신공학과],4,0697, 데이터베이스,정통413,3,3,정재희, ," 화13:00-13:50(Y5534), 목13:00-14:50(Y5434)", 
[정보통신공학과],4,0698, 알고리즘,정통417,3,3,염대현, ," 월09:00-09:50(Y5425), 수09:00-10:50(Y5425)", 
[정보통신공학과],4,1281, 알고리즘,정통417,3,3,김인택, ," 월15:00-16:50(Y5434), 수15:00-15:50(Y5434)", 
[정보통신공학과],4,0700, 인터넷프로그래밍,정통418,3,3,정재희, ," 화09:00-09:50(Y5534), 목09:00-10:50(Y5534)", 추후 IPP 학생 33명 수기입력 예정
[정보통신공학과],4,0701, 이동통신,정통423,3,3,유철우, ," 월14:00-14:50(Y5425), 수13:00-14:50(Y5425)", 
[정보통신공학과],4,0702, 캡스톤디자인1,정통507,3,3,한승수, , 월17:00-19:50(Y5428), 
[정보통신공학과],4,0703, 캡스톤디자인1,정통507,3,3,김성철, , 월17:00-19:50(Y5637), 
[정보통신공학과],4,0704, 캡스톤디자인1,정통507,3,3,배종우, , 월17:00-19:50(Y5534), 
[정보통신공학과],4,0705, 캡스톤디자인1,정통507,3,3,유철우, , 월17:00-19:50(Y5425), 
[정보통신공학과],4,0706, 캡스톤디자인2,정통508,3,3,염대현, , 화13:00-15:50(Y5425), 
[국제학부],2,1195, 경영통계응용,국제208,3,3,유단, , 화14:00-17:00(미배정), 
[국제학부],3,1196, 국제경영전략,국제308,3,3,유단, , 화09:00-12:00(미배정), 
[국제학부],4,1197, 조직개발론,국제403,3,3,동초희, , 금09:00-12:00(미배정), 
[국제학부],4,1198, 중국비즈니스전략,국제404,3,3,유단, , 수09:00-12:00(미배정), 
[국제학부],4,1199, 창의혁신리더십론,국제405,3,3,동초희, , 금14:00-17:00(미배정), 
